"TaxonID","ANCOM_BC2_Robust"
"Taxon_001",FALSE
"Taxon_002",FALSE
"Taxon_003",FALSE
"Taxon_004",FALSE
"Taxon_005",FALSE
"Taxon_006",FALSE
"Taxon_007",FALSE
"Taxon_008",FALSE
"Taxon_009",FALSE
"Taxon_010",FALSE
"Taxon_011",FALSE
"Taxon_012",FALSE
"Taxon_013",FALSE
"Taxon_014",FALSE
"Taxon_015",FALSE
"Taxon_016",FALSE
"Taxon_017",FALSE
"Taxon_018",FALSE
"Taxon_019",FALSE
"Taxon_020",FALSE
"Taxon_021",FALSE
"Taxon_022",FALSE
"Taxon_023",FALSE
"Taxon_024",FALSE
"Taxon_025",FALSE
"Taxon_026",FALSE
"Taxon_027",FALSE
"Taxon_028",FALSE
"Taxon_029",FALSE
"Taxon_030",FALSE
"Taxon_031",FALSE
"Taxon_032",FALSE
"Taxon_033",FALSE
"Taxon_034",FALSE
"Taxon_035",FALSE
"Taxon_036",FALSE
"Taxon_037",FALSE
"Taxon_038",FALSE
"Taxon_039",FALSE
"Taxon_040",FALSE
"Taxon_041",FALSE
"Taxon_042",FALSE
"Taxon_043",FALSE
"Taxon_044",FALSE
"Taxon_045",FALSE
"Taxon_046",FALSE
"Taxon_047",FALSE
"Taxon_048",FALSE
"Taxon_049",FALSE
"Taxon_050",FALSE
"Taxon_051",FALSE
"Taxon_052",FALSE
"Taxon_053",FALSE
"Taxon_054",FALSE
"Taxon_055",FALSE
"Taxon_056",FALSE
"Taxon_057",FALSE
"Taxon_058",FALSE
"Taxon_059",FALSE
"Taxon_060",FALSE
"Taxon_061",FALSE
"Taxon_062",FALSE
"Taxon_063",FALSE
"Taxon_064",FALSE
"Taxon_065",FALSE
"Taxon_066",FALSE
"Taxon_067",FALSE
"Taxon_068",FALSE
"Taxon_069",FALSE
"Taxon_070",FALSE
"Taxon_071",FALSE
"Taxon_072",FALSE
"Taxon_073",FALSE
"Taxon_074",FALSE
"Taxon_075",FALSE
"Taxon_076",FALSE
"Taxon_077",FALSE
"Taxon_078",FALSE
"Taxon_079",FALSE
"Taxon_080",FALSE
"Taxon_081",FALSE
"Taxon_082",FALSE
"Taxon_083",FALSE
"Taxon_084",FALSE
"Taxon_085",FALSE
"Taxon_086",FALSE
"Taxon_087",FALSE
"Taxon_088",FALSE
"Taxon_089",FALSE
"Taxon_090",FALSE
"Taxon_091",FALSE
"Taxon_092",FALSE
"Taxon_093",FALSE
"Taxon_094",FALSE
"Taxon_095",FALSE
"Taxon_096",FALSE
"Taxon_097",FALSE
"Taxon_098",FALSE
"Taxon_099",FALSE
"Taxon_100",FALSE
