"Simulation","Seed","Expected_BH_Rejections","Reproduced_BH_Rejections","Reproduces_Cell7G","BH_Rejections","BH_Rejections_Passing_SS","Robust_Rejections","Any_BH_Discovery","Any_Robust_Discovery"
34,75,1,1,TRUE,1,0,0,TRUE,FALSE
55,96,1,1,TRUE,1,0,0,TRUE,FALSE
57,98,1,1,TRUE,1,0,0,TRUE,FALSE
69,110,1,1,TRUE,1,0,0,TRUE,FALSE
73,114,1,1,TRUE,1,0,0,TRUE,FALSE
75,116,1,1,TRUE,1,0,0,TRUE,FALSE
77,118,1,1,TRUE,1,0,0,TRUE,FALSE
84,125,1,1,TRUE,1,0,0,TRUE,FALSE
93,134,1,1,TRUE,1,0,0,TRUE,FALSE
99,140,2,2,TRUE,2,0,0,TRUE,FALSE
100,141,1,1,TRUE,1,0,0,TRUE,FALSE
109,150,1,1,TRUE,1,0,0,TRUE,FALSE
116,157,2,2,TRUE,2,0,0,TRUE,FALSE
150,191,1,1,TRUE,1,0,0,TRUE,FALSE
151,192,1,1,TRUE,1,0,0,TRUE,FALSE
154,195,1,1,TRUE,1,0,0,TRUE,FALSE
155,196,1,1,TRUE,1,0,0,TRUE,FALSE
159,200,1,1,TRUE,1,0,0,TRUE,FALSE
162,203,2,2,TRUE,2,0,0,TRUE,FALSE
165,206,1,1,TRUE,1,0,0,TRUE,FALSE
175,216,2,2,TRUE,2,0,0,TRUE,FALSE
181,222,1,1,TRUE,1,0,0,TRUE,FALSE
183,224,1,1,TRUE,1,0,0,TRUE,FALSE
186,227,1,1,TRUE,1,0,0,TRUE,FALSE
194,235,2,2,TRUE,2,0,0,TRUE,FALSE
