"TaxonID","N_Methods_Raw_Significant","N_Methods_BH_Significant"
"Taxon_001",0,0
"Taxon_002",0,0
"Taxon_003",0,0
"Taxon_004",3,0
"Taxon_005",2,0
"Taxon_006",0,0
"Taxon_007",0,0
"Taxon_008",0,0
"Taxon_009",0,0
"Taxon_010",0,0
"Taxon_011",0,0
"Taxon_012",0,0
"Taxon_013",0,0
"Taxon_014",0,0
"Taxon_015",0,0
"Taxon_016",0,0
"Taxon_017",0,0
"Taxon_018",0,0
"Taxon_019",0,0
"Taxon_020",0,0
"Taxon_021",0,0
"Taxon_022",0,0
"Taxon_023",0,0
"Taxon_024",3,0
"Taxon_025",0,0
"Taxon_026",0,0
"Taxon_027",0,0
"Taxon_028",0,0
"Taxon_029",0,0
"Taxon_030",0,0
"Taxon_031",0,0
"Taxon_032",0,0
"Taxon_033",0,0
"Taxon_034",0,0
"Taxon_035",3,0
"Taxon_036",0,0
"Taxon_037",0,0
"Taxon_038",0,0
"Taxon_039",0,0
"Taxon_040",0,0
"Taxon_041",0,0
"Taxon_042",0,0
"Taxon_043",0,0
"Taxon_044",0,0
"Taxon_045",0,0
"Taxon_046",0,0
"Taxon_047",0,0
"Taxon_048",0,0
"Taxon_049",0,0
"Taxon_050",0,0
"Taxon_051",0,0
"Taxon_052",1,0
"Taxon_053",0,0
"Taxon_054",0,0
"Taxon_055",0,0
"Taxon_056",4,0
"Taxon_057",0,0
"Taxon_058",0,0
"Taxon_059",0,0
"Taxon_060",0,0
"Taxon_061",0,0
"Taxon_062",0,0
"Taxon_063",0,0
"Taxon_064",0,0
"Taxon_065",0,0
"Taxon_066",0,0
"Taxon_067",0,0
"Taxon_068",0,0
"Taxon_069",1,0
"Taxon_070",0,0
"Taxon_071",0,0
"Taxon_072",0,0
"Taxon_073",0,0
"Taxon_074",0,0
"Taxon_075",0,0
"Taxon_076",0,0
"Taxon_077",0,0
"Taxon_078",0,0
"Taxon_079",0,0
"Taxon_080",0,0
"Taxon_081",0,0
"Taxon_082",2,0
"Taxon_083",0,0
"Taxon_084",0,0
"Taxon_085",0,0
"Taxon_086",0,0
"Taxon_087",0,0
"Taxon_088",0,0
"Taxon_089",0,0
"Taxon_090",0,0
"Taxon_091",0,0
"Taxon_092",4,0
"Taxon_093",0,0
"Taxon_094",0,0
"Taxon_095",0,0
"Taxon_096",0,0
"Taxon_097",0,0
"Taxon_098",0,0
"Taxon_099",0,0
"Taxon_100",0,0
