"Simulation","Seed","Method","Taxa_Raw_Tested","Taxa_BH_Tested","Min_Raw_P","Taxon_Min_Raw_P","Min_BH_Q","Taxon_Min_BH_Q","Raw_P_Less_0_05","Expected_BH_Rejections","Reproduced_BH_Rejections","Reproduces_Step7G"
50,91,"CLR_Wilcoxon",100,100,9.62034753662078e-05,"Taxon_054",0.00962034753662078,"Taxon_054",2,1,1,TRUE
92,133,"CLR_Wilcoxon",100,100,0.000444888840408941,"Taxon_039",0.0444888840408941,"Taxon_039",5,1,1,TRUE
96,137,"CLR_Wilcoxon",100,100,0.000413493213493599,"Taxon_083",0.0206746606746799,"Taxon_083",2,2,2,TRUE
102,143,"CLR_Wilcoxon",100,100,0.000384176636746503,"Taxon_025",0.0384176636746503,"Taxon_025",7,1,1,TRUE
104,145,"CLR_Wilcoxon",100,100,0.000112846666681543,"Taxon_078",0.0112846666681543,"Taxon_078",7,2,2,TRUE
108,149,"CLR_Wilcoxon",100,100,5.00923566975064e-05,"Taxon_084",0.00500923566975064,"Taxon_084",5,1,1,TRUE
113,154,"CLR_Wilcoxon",100,100,0.000210604541646389,"Taxon_086",0.0210604541646389,"Taxon_086",5,1,1,TRUE
169,210,"CLR_Wilcoxon",100,100,0.000210604541646389,"Taxon_014",0.0210604541646389,"Taxon_014",8,1,1,TRUE
40,81,"ALDEx2_Welch",100,100,0.000305823874451725,"Taxon_002",0.0305823874451725,"Taxon_002",5,1,1,TRUE
50,91,"ALDEx2_Welch",100,100,0.000360100388330955,"Taxon_054",0.0360100388330955,"Taxon_054",1,1,1,TRUE
96,137,"ALDEx2_Welch",100,100,0.000519057466133925,"Taxon_095",0.0352972350078669,"Taxon_095",2,1,1,TRUE
104,145,"ALDEx2_Welch",100,100,0.000324491189952511,"Taxon_078",0.0314172149533463,"Taxon_078",7,1,1,TRUE
108,149,"ALDEx2_Welch",100,100,7.08884269901806e-05,"Taxon_084",0.00708884269901806,"Taxon_084",4,1,1,TRUE
113,154,"ALDEx2_Welch",100,100,0.000370686642282415,"Taxon_086",0.0370686642282415,"Taxon_086",4,1,1,TRUE
169,210,"ALDEx2_Welch",100,100,0.000326786683677171,"Taxon_014",0.0326786683677171,"Taxon_014",8,1,1,TRUE
34,75,"ANCOM_BC2",100,100,3.43426492917121e-05,"60",0.00343426492917121,"60",2,1,1,TRUE
55,96,"ANCOM_BC2",100,100,0.000132471821852634,"27",0.0132471821852634,"27",1,1,1,TRUE
57,98,"ANCOM_BC2",100,100,4.47941737672332e-05,"82",0.00447941737672332,"82",3,1,1,TRUE
69,110,"ANCOM_BC2",100,100,0.000295568586846599,"53",0.0295568586846599,"53",6,1,1,TRUE
73,114,"ANCOM_BC2",100,100,0.000299340189252022,"8",0.0299340189252022,"8",5,1,1,TRUE
75,116,"ANCOM_BC2",100,100,3.9999178656229e-05,"8",0.0039999178656229,"8",2,1,1,TRUE
77,118,"ANCOM_BC2",100,100,5.02491642880496e-05,"8",0.00502491642880496,"8",3,1,1,TRUE
84,125,"ANCOM_BC2",100,100,0.000270982956328584,"79",0.0270982956328584,"79",4,1,1,TRUE
93,134,"ANCOM_BC2",100,100,8.22879697358374e-05,"86",0.00822879697358374,"86",3,1,1,TRUE
99,140,"ANCOM_BC2",100,100,0.000264364304761761,"93",0.0211335346093905,"93",4,2,2,TRUE
100,141,"ANCOM_BC2",100,100,0.000369465034514194,"53",0.0369465034514194,"53",3,1,1,TRUE
109,150,"ANCOM_BC2",100,100,0.00027408869655704,"88",0.027408869655704,"88",2,1,1,TRUE
116,157,"ANCOM_BC2",100,100,4.64403064766263e-05,"96",0.00464403064766263,"96",3,2,2,TRUE
150,191,"ANCOM_BC2",100,100,1.55579288464556e-05,"59",0.00155579288464556,"59",6,1,1,TRUE
151,192,"ANCOM_BC2",100,100,0.000155772155111073,"20",0.0155772155111073,"20",2,1,1,TRUE
154,195,"ANCOM_BC2",100,100,0.000330765332547883,"62",0.0330765332547883,"62",3,1,1,TRUE
155,196,"ANCOM_BC2",100,100,0.000311614088429524,"58",0.0311614088429524,"58",1,1,1,TRUE
159,200,"ANCOM_BC2",100,100,2.08392552196758e-05,"80",0.00208392552196758,"80",4,1,1,TRUE
162,203,"ANCOM_BC2",100,100,9.4837285908949e-05,"73",0.0094837285908949,"73",2,2,2,TRUE
165,206,"ANCOM_BC2",100,100,0.000379255395714754,"66",0.0379255395714754,"66",5,1,1,TRUE
169,210,"ANCOM_BC2",100,100,0.000385442543807056,"14",0.0385442543807056,"14",6,1,1,TRUE
175,216,"ANCOM_BC2",100,100,8.65948122129593e-06,"40",0.000865948122129593,"40",3,2,2,TRUE
181,222,"ANCOM_BC2",100,100,0.000248207352172269,"16",0.0248207352172269,"16",3,1,1,TRUE
183,224,"ANCOM_BC2",100,100,2.5748778997624e-05,"55",0.0025748778997624,"55",2,1,1,TRUE
186,227,"ANCOM_BC2",100,100,0.000337015575769428,"73",0.0337015575769428,"73",2,1,1,TRUE
194,235,"ANCOM_BC2",100,100,0.000215915998999552,"95",0.0215915998999552,"95",2,2,2,TRUE
7,48,"DESeq2",100,100,0.00023742077602517,"Taxon_090",0.023742077602517,"Taxon_090",6,1,1,TRUE
16,57,"DESeq2",100,100,0.000243596857448537,"Taxon_031",0.0167201386419573,"Taxon_031",7,2,2,TRUE
19,60,"DESeq2",100,100,0.000488627225943973,"Taxon_050",0.0488627225943973,"Taxon_050",6,1,1,TRUE
20,61,"DESeq2",100,100,0.00020717305990988,"Taxon_051",0.020717305990988,"Taxon_051",5,2,2,TRUE
24,65,"DESeq2",100,100,0.000336357400243378,"Taxon_016",0.0336357400243378,"Taxon_016",10,1,1,TRUE
28,69,"DESeq2",100,100,0.000322122457181559,"Taxon_008",0.0322122457181559,"Taxon_008",8,1,1,TRUE
40,81,"DESeq2",100,100,0.000466847142450408,"Taxon_002",0.0466847142450408,"Taxon_002",7,1,1,TRUE
48,89,"DESeq2",100,100,0.00022814108833099,"Taxon_034",0.022814108833099,"Taxon_034",7,1,1,TRUE
66,107,"DESeq2",100,100,0.000459555056468304,"Taxon_031",0.0459555056468304,"Taxon_031",5,1,1,TRUE
84,125,"DESeq2",100,100,0.000338549584164628,"Taxon_054",0.0338549584164628,"Taxon_054",6,1,1,TRUE
92,133,"DESeq2",100,100,0.000763835988338649,"Taxon_044",0.0393954548372131,"Taxon_039",9,2,2,TRUE
95,136,"DESeq2",100,100,0.000448919474282226,"Taxon_002",0.0448919474282225,"Taxon_002",8,1,1,TRUE
96,137,"DESeq2",100,100,0.000183216849979733,"Taxon_095",0.0183216849979733,"Taxon_095",5,1,1,TRUE
102,143,"DESeq2",100,100,0.000171022123643912,"Taxon_025",0.0171022123643912,"Taxon_025",6,1,1,TRUE
103,144,"DESeq2",100,100,0.000357547640028204,"Taxon_049",0.0357547640028204,"Taxon_049",5,1,1,TRUE
104,145,"DESeq2",100,100,0.000289793056382741,"Taxon_078",0.0289793056382741,"Taxon_078",4,1,1,TRUE
108,149,"DESeq2",100,100,3.3233211424968e-05,"Taxon_084",0.0033233211424968,"Taxon_084",6,1,1,TRUE
111,152,"DESeq2",100,100,0.000355181518490968,"Taxon_071",0.0355181518490968,"Taxon_071",8,1,1,TRUE
113,154,"DESeq2",100,100,0.000192491116256509,"Taxon_086",0.0192491116256509,"Taxon_086",7,1,1,TRUE
128,169,"DESeq2",100,100,0.000181403843380394,"Taxon_074",0.0181403843380394,"Taxon_074",4,1,1,TRUE
149,190,"DESeq2",100,100,0.000145557475768346,"Taxon_003",0.0145557475768346,"Taxon_003",7,1,1,TRUE
152,193,"DESeq2",100,100,0.000162493875817556,"Taxon_055",0.0162493875817556,"Taxon_055",8,2,2,TRUE
159,200,"DESeq2",100,100,0.000393799562747206,"Taxon_087",0.0393799562747206,"Taxon_087",5,1,1,TRUE
161,202,"DESeq2",100,100,0.000310719278660325,"Taxon_055",0.0310719278660326,"Taxon_055",7,1,1,TRUE
167,208,"DESeq2",100,100,0.000422531248254067,"Taxon_063",0.0422531248254067,"Taxon_063",6,1,1,TRUE
169,210,"DESeq2",100,100,1.56539949595817e-05,"Taxon_014",0.00156539949595817,"Taxon_014",8,2,2,TRUE
181,222,"DESeq2",100,100,0.000315219061671282,"Taxon_016",0.0315219061671282,"Taxon_016",5,1,1,TRUE
183,224,"DESeq2",100,100,2.62812995621078e-05,"Taxon_055",0.00262812995621078,"Taxon_055",9,1,1,TRUE
185,226,"DESeq2",100,100,0.0003206015412683,"Taxon_051",0.03206015412683,"Taxon_051",7,1,1,TRUE
