"Simulation","Seed","Method","Success","Taxa_Raw_Tested","Raw_Rejections","Raw_Rejection_Prop","Taxa_BH_Tested","BH_Rejections","BH_Rejection_Prop","Any_BH_Discovery","Error_Message"
1,42,"CLR_Wilcoxon",TRUE,100,7,0.07,100,0,0,FALSE,NA
1,42,"ALDEx2_Welch",TRUE,100,6,0.06,100,0,0,FALSE,NA
1,42,"ANCOM_BC2",TRUE,100,5,0.05,100,0,0,FALSE,NA
1,42,"DESeq2",TRUE,100,6,0.06,100,0,0,FALSE,NA
2,43,"CLR_Wilcoxon",TRUE,100,3,0.03,100,0,0,FALSE,NA
2,43,"ALDEx2_Welch",TRUE,100,2,0.02,100,0,0,FALSE,NA
2,43,"ANCOM_BC2",TRUE,100,4,0.04,100,0,0,FALSE,NA
2,43,"DESeq2",TRUE,100,5,0.05,100,0,0,FALSE,NA
3,44,"CLR_Wilcoxon",TRUE,100,3,0.03,100,0,0,FALSE,NA
3,44,"ALDEx2_Welch",TRUE,100,4,0.04,100,0,0,FALSE,NA
3,44,"ANCOM_BC2",TRUE,100,1,0.01,100,0,0,FALSE,NA
3,44,"DESeq2",TRUE,100,4,0.04,100,0,0,FALSE,NA
4,45,"CLR_Wilcoxon",TRUE,100,8,0.08,100,0,0,FALSE,NA
4,45,"ALDEx2_Welch",TRUE,100,8,0.08,100,0,0,FALSE,NA
4,45,"ANCOM_BC2",TRUE,100,6,0.06,100,0,0,FALSE,NA
4,45,"DESeq2",TRUE,100,9,0.09,100,0,0,FALSE,NA
5,46,"CLR_Wilcoxon",TRUE,100,5,0.05,100,0,0,FALSE,NA
5,46,"ALDEx2_Welch",TRUE,100,3,0.03,100,0,0,FALSE,NA
5,46,"ANCOM_BC2",TRUE,100,1,0.01,100,0,0,FALSE,NA
5,46,"DESeq2",TRUE,100,6,0.06,100,0,0,FALSE,NA
6,47,"CLR_Wilcoxon",TRUE,100,5,0.05,100,0,0,FALSE,NA
6,47,"ALDEx2_Welch",TRUE,100,6,0.06,100,0,0,FALSE,NA
6,47,"ANCOM_BC2",TRUE,100,4,0.04,100,0,0,FALSE,NA
6,47,"DESeq2",TRUE,100,3,0.03,100,0,0,FALSE,NA
7,48,"CLR_Wilcoxon",TRUE,100,6,0.06,100,0,0,FALSE,NA
7,48,"ALDEx2_Welch",TRUE,100,5,0.05,100,0,0,FALSE,NA
7,48,"ANCOM_BC2",TRUE,100,6,0.06,100,0,0,FALSE,NA
7,48,"DESeq2",TRUE,100,6,0.06,100,1,0.01,TRUE,NA
8,49,"CLR_Wilcoxon",TRUE,100,4,0.04,100,0,0,FALSE,NA
8,49,"ALDEx2_Welch",TRUE,100,4,0.04,100,0,0,FALSE,NA
8,49,"ANCOM_BC2",TRUE,100,3,0.03,100,0,0,FALSE,NA
8,49,"DESeq2",TRUE,100,4,0.04,100,0,0,FALSE,NA
9,50,"CLR_Wilcoxon",TRUE,100,3,0.03,100,0,0,FALSE,NA
9,50,"ALDEx2_Welch",TRUE,100,4,0.04,100,0,0,FALSE,NA
9,50,"ANCOM_BC2",TRUE,100,4,0.04,100,0,0,FALSE,NA
9,50,"DESeq2",TRUE,100,8,0.08,100,0,0,FALSE,NA
10,51,"CLR_Wilcoxon",TRUE,100,6,0.06,100,0,0,FALSE,NA
10,51,"ALDEx2_Welch",TRUE,100,4,0.04,100,0,0,FALSE,NA
10,51,"ANCOM_BC2",TRUE,100,5,0.05,100,0,0,FALSE,NA
10,51,"DESeq2",TRUE,100,9,0.09,100,0,0,FALSE,NA
11,52,"CLR_Wilcoxon",TRUE,100,6,0.06,100,0,0,FALSE,NA
11,52,"ALDEx2_Welch",TRUE,100,6,0.06,100,0,0,FALSE,NA
11,52,"ANCOM_BC2",TRUE,100,3,0.03,100,0,0,FALSE,NA
11,52,"DESeq2",TRUE,100,7,0.07,100,0,0,FALSE,NA
12,53,"CLR_Wilcoxon",TRUE,100,3,0.03,100,0,0,FALSE,NA
12,53,"ALDEx2_Welch",TRUE,100,1,0.01,100,0,0,FALSE,NA
12,53,"ANCOM_BC2",TRUE,100,1,0.01,100,0,0,FALSE,NA
12,53,"DESeq2",TRUE,100,3,0.03,100,0,0,FALSE,NA
13,54,"CLR_Wilcoxon",TRUE,100,3,0.03,100,0,0,FALSE,NA
13,54,"ALDEx2_Welch",TRUE,100,3,0.03,100,0,0,FALSE,NA
13,54,"ANCOM_BC2",TRUE,100,2,0.02,100,0,0,FALSE,NA
13,54,"DESeq2",TRUE,100,9,0.09,100,0,0,FALSE,NA
14,55,"CLR_Wilcoxon",TRUE,100,8,0.08,100,0,0,FALSE,NA
14,55,"ALDEx2_Welch",TRUE,100,6,0.06,100,0,0,FALSE,NA
14,55,"ANCOM_BC2",TRUE,100,3,0.03,100,0,0,FALSE,NA
14,55,"DESeq2",TRUE,100,6,0.06,100,0,0,FALSE,NA
15,56,"CLR_Wilcoxon",TRUE,100,4,0.04,100,0,0,FALSE,NA
15,56,"ALDEx2_Welch",TRUE,100,0,0,100,0,0,FALSE,NA
15,56,"ANCOM_BC2",TRUE,100,2,0.02,100,0,0,FALSE,NA
15,56,"DESeq2",TRUE,100,4,0.04,100,0,0,FALSE,NA
16,57,"CLR_Wilcoxon",TRUE,100,4,0.04,100,0,0,FALSE,NA
16,57,"ALDEx2_Welch",TRUE,100,4,0.04,100,0,0,FALSE,NA
16,57,"ANCOM_BC2",TRUE,100,7,0.07,100,0,0,FALSE,NA
16,57,"DESeq2",TRUE,100,7,0.07,100,2,0.02,TRUE,NA
17,58,"CLR_Wilcoxon",TRUE,100,4,0.04,100,0,0,FALSE,NA
17,58,"ALDEx2_Welch",TRUE,100,5,0.05,100,0,0,FALSE,NA
17,58,"ANCOM_BC2",TRUE,100,4,0.04,100,0,0,FALSE,NA
17,58,"DESeq2",TRUE,100,6,0.06,100,0,0,FALSE,NA
18,59,"CLR_Wilcoxon",TRUE,100,4,0.04,100,0,0,FALSE,NA
18,59,"ALDEx2_Welch",TRUE,100,1,0.01,100,0,0,FALSE,NA
18,59,"ANCOM_BC2",TRUE,100,1,0.01,100,0,0,FALSE,NA
18,59,"DESeq2",TRUE,100,3,0.03,100,0,0,FALSE,NA
19,60,"CLR_Wilcoxon",TRUE,100,6,0.06,100,0,0,FALSE,NA
19,60,"ALDEx2_Welch",TRUE,100,5,0.05,100,0,0,FALSE,NA
19,60,"ANCOM_BC2",TRUE,100,4,0.04,100,0,0,FALSE,NA
19,60,"DESeq2",TRUE,100,6,0.06,100,1,0.01,TRUE,NA
20,61,"CLR_Wilcoxon",TRUE,100,6,0.06,100,0,0,FALSE,NA
20,61,"ALDEx2_Welch",TRUE,100,4,0.04,100,0,0,FALSE,NA
20,61,"ANCOM_BC2",TRUE,100,3,0.03,100,0,0,FALSE,NA
20,61,"DESeq2",TRUE,100,5,0.05,100,2,0.02,TRUE,NA
21,62,"CLR_Wilcoxon",TRUE,100,3,0.03,100,0,0,FALSE,NA
21,62,"ALDEx2_Welch",TRUE,100,1,0.01,100,0,0,FALSE,NA
21,62,"ANCOM_BC2",TRUE,100,2,0.02,100,0,0,FALSE,NA
21,62,"DESeq2",TRUE,100,4,0.04,100,0,0,FALSE,NA
22,63,"CLR_Wilcoxon",TRUE,100,2,0.02,100,0,0,FALSE,NA
22,63,"ALDEx2_Welch",TRUE,100,2,0.02,100,0,0,FALSE,NA
22,63,"ANCOM_BC2",TRUE,100,2,0.02,100,0,0,FALSE,NA
22,63,"DESeq2",TRUE,100,6,0.06,100,0,0,FALSE,NA
23,64,"CLR_Wilcoxon",TRUE,100,3,0.03,100,0,0,FALSE,NA
23,64,"ALDEx2_Welch",TRUE,100,2,0.02,100,0,0,FALSE,NA
23,64,"ANCOM_BC2",TRUE,100,1,0.01,100,0,0,FALSE,NA
23,64,"DESeq2",TRUE,100,4,0.04,100,0,0,FALSE,NA
24,65,"CLR_Wilcoxon",TRUE,100,7,0.07,100,0,0,FALSE,NA
24,65,"ALDEx2_Welch",TRUE,100,4,0.04,100,0,0,FALSE,NA
24,65,"ANCOM_BC2",TRUE,100,6,0.06,100,0,0,FALSE,NA
24,65,"DESeq2",TRUE,100,10,0.1,100,1,0.01,TRUE,NA
25,66,"CLR_Wilcoxon",TRUE,100,6,0.06,100,0,0,FALSE,NA
25,66,"ALDEx2_Welch",TRUE,100,5,0.05,100,0,0,FALSE,NA
25,66,"ANCOM_BC2",TRUE,100,3,0.03,100,0,0,FALSE,NA
25,66,"DESeq2",TRUE,100,9,0.09,100,0,0,FALSE,NA
26,67,"CLR_Wilcoxon",TRUE,100,3,0.03,100,0,0,FALSE,NA
26,67,"ALDEx2_Welch",TRUE,100,2,0.02,100,0,0,FALSE,NA
26,67,"ANCOM_BC2",TRUE,100,3,0.03,100,0,0,FALSE,NA
26,67,"DESeq2",TRUE,100,5,0.05,100,0,0,FALSE,NA
27,68,"CLR_Wilcoxon",TRUE,100,2,0.02,100,0,0,FALSE,NA
27,68,"ALDEx2_Welch",TRUE,100,3,0.03,100,0,0,FALSE,NA
27,68,"ANCOM_BC2",TRUE,100,1,0.01,100,0,0,FALSE,NA
27,68,"DESeq2",TRUE,100,4,0.04,100,0,0,FALSE,NA
28,69,"CLR_Wilcoxon",TRUE,100,5,0.05,100,0,0,FALSE,NA
28,69,"ALDEx2_Welch",TRUE,100,6,0.06,100,0,0,FALSE,NA
28,69,"ANCOM_BC2",TRUE,100,3,0.03,100,0,0,FALSE,NA
28,69,"DESeq2",TRUE,100,8,0.08,100,1,0.01,TRUE,NA
29,70,"CLR_Wilcoxon",TRUE,100,6,0.06,100,0,0,FALSE,NA
29,70,"ALDEx2_Welch",TRUE,100,4,0.04,100,0,0,FALSE,NA
29,70,"ANCOM_BC2",TRUE,100,2,0.02,100,0,0,FALSE,NA
29,70,"DESeq2",TRUE,100,7,0.07,100,0,0,FALSE,NA
30,71,"CLR_Wilcoxon",TRUE,100,5,0.05,100,0,0,FALSE,NA
30,71,"ALDEx2_Welch",TRUE,100,4,0.04,100,0,0,FALSE,NA
30,71,"ANCOM_BC2",TRUE,100,1,0.01,100,0,0,FALSE,NA
30,71,"DESeq2",TRUE,100,6,0.06,100,0,0,FALSE,NA
31,72,"CLR_Wilcoxon",TRUE,100,7,0.07,100,0,0,FALSE,NA
31,72,"ALDEx2_Welch",TRUE,100,5,0.05,100,0,0,FALSE,NA
31,72,"ANCOM_BC2",TRUE,100,0,0,100,0,0,FALSE,NA
31,72,"DESeq2",TRUE,100,8,0.08,100,0,0,FALSE,NA
32,73,"CLR_Wilcoxon",TRUE,100,4,0.04,100,0,0,FALSE,NA
32,73,"ALDEx2_Welch",TRUE,100,3,0.03,100,0,0,FALSE,NA
32,73,"ANCOM_BC2",TRUE,100,2,0.02,100,0,0,FALSE,NA
32,73,"DESeq2",TRUE,100,4,0.04,100,0,0,FALSE,NA
33,74,"CLR_Wilcoxon",TRUE,100,6,0.06,100,0,0,FALSE,NA
33,74,"ALDEx2_Welch",TRUE,100,6,0.06,100,0,0,FALSE,NA
33,74,"ANCOM_BC2",TRUE,100,5,0.05,100,0,0,FALSE,NA
33,74,"DESeq2",TRUE,100,5,0.05,100,0,0,FALSE,NA
34,75,"CLR_Wilcoxon",TRUE,100,3,0.03,100,0,0,FALSE,NA
34,75,"ALDEx2_Welch",TRUE,100,3,0.03,100,0,0,FALSE,NA
34,75,"ANCOM_BC2",TRUE,100,2,0.02,100,1,0.01,TRUE,NA
34,75,"DESeq2",TRUE,100,4,0.04,100,0,0,FALSE,NA
35,76,"CLR_Wilcoxon",TRUE,100,4,0.04,100,0,0,FALSE,NA
35,76,"ALDEx2_Welch",TRUE,100,7,0.07,100,0,0,FALSE,NA
35,76,"ANCOM_BC2",TRUE,100,2,0.02,100,0,0,FALSE,NA
35,76,"DESeq2",TRUE,100,5,0.05,100,0,0,FALSE,NA
36,77,"CLR_Wilcoxon",TRUE,100,5,0.05,100,0,0,FALSE,NA
36,77,"ALDEx2_Welch",TRUE,100,4,0.04,100,0,0,FALSE,NA
36,77,"ANCOM_BC2",TRUE,100,2,0.02,100,0,0,FALSE,NA
36,77,"DESeq2",TRUE,100,5,0.05,100,0,0,FALSE,NA
37,78,"CLR_Wilcoxon",TRUE,100,4,0.04,100,0,0,FALSE,NA
37,78,"ALDEx2_Welch",TRUE,100,3,0.03,100,0,0,FALSE,NA
37,78,"ANCOM_BC2",TRUE,100,1,0.01,100,0,0,FALSE,NA
37,78,"DESeq2",TRUE,100,3,0.03,100,0,0,FALSE,NA
38,79,"CLR_Wilcoxon",TRUE,100,2,0.02,100,0,0,FALSE,NA
38,79,"ALDEx2_Welch",TRUE,100,1,0.01,100,0,0,FALSE,NA
38,79,"ANCOM_BC2",TRUE,100,2,0.02,100,0,0,FALSE,NA
38,79,"DESeq2",TRUE,100,5,0.05,100,0,0,FALSE,NA
39,80,"CLR_Wilcoxon",TRUE,100,6,0.06,100,0,0,FALSE,NA
39,80,"ALDEx2_Welch",TRUE,100,3,0.03,100,0,0,FALSE,NA
39,80,"ANCOM_BC2",TRUE,100,2,0.02,100,0,0,FALSE,NA
39,80,"DESeq2",TRUE,100,7,0.07,100,0,0,FALSE,NA
40,81,"CLR_Wilcoxon",TRUE,100,4,0.04,100,0,0,FALSE,NA
40,81,"ALDEx2_Welch",TRUE,100,5,0.05,100,1,0.01,TRUE,NA
40,81,"ANCOM_BC2",TRUE,100,3,0.03,100,0,0,FALSE,NA
40,81,"DESeq2",TRUE,100,7,0.07,100,1,0.01,TRUE,NA
41,82,"CLR_Wilcoxon",TRUE,100,10,0.1,100,0,0,FALSE,NA
41,82,"ALDEx2_Welch",TRUE,100,5,0.05,100,0,0,FALSE,NA
41,82,"ANCOM_BC2",TRUE,100,6,0.06,100,0,0,FALSE,NA
41,82,"DESeq2",TRUE,100,12,0.12,100,0,0,FALSE,NA
42,83,"CLR_Wilcoxon",TRUE,100,7,0.07,100,0,0,FALSE,NA
42,83,"ALDEx2_Welch",TRUE,100,5,0.05,100,0,0,FALSE,NA
42,83,"ANCOM_BC2",TRUE,100,2,0.02,100,0,0,FALSE,NA
42,83,"DESeq2",TRUE,100,4,0.04,100,0,0,FALSE,NA
43,84,"CLR_Wilcoxon",TRUE,100,3,0.03,100,0,0,FALSE,NA
43,84,"ALDEx2_Welch",TRUE,100,3,0.03,100,0,0,FALSE,NA
43,84,"ANCOM_BC2",TRUE,100,2,0.02,100,0,0,FALSE,NA
43,84,"DESeq2",TRUE,100,6,0.06,100,0,0,FALSE,NA
44,85,"CLR_Wilcoxon",TRUE,100,7,0.07,100,0,0,FALSE,NA
44,85,"ALDEx2_Welch",TRUE,100,6,0.06,100,0,0,FALSE,NA
44,85,"ANCOM_BC2",TRUE,100,5,0.05,100,0,0,FALSE,NA
44,85,"DESeq2",TRUE,100,10,0.1,100,0,0,FALSE,NA
45,86,"CLR_Wilcoxon",TRUE,100,4,0.04,100,0,0,FALSE,NA
45,86,"ALDEx2_Welch",TRUE,100,3,0.03,100,0,0,FALSE,NA
45,86,"ANCOM_BC2",TRUE,100,1,0.01,100,0,0,FALSE,NA
45,86,"DESeq2",TRUE,100,6,0.06,100,0,0,FALSE,NA
46,87,"CLR_Wilcoxon",TRUE,100,5,0.05,100,0,0,FALSE,NA
46,87,"ALDEx2_Welch",TRUE,100,3,0.03,100,0,0,FALSE,NA
46,87,"ANCOM_BC2",TRUE,100,7,0.07,100,0,0,FALSE,NA
46,87,"DESeq2",TRUE,100,6,0.06,100,0,0,FALSE,NA
47,88,"CLR_Wilcoxon",TRUE,100,4,0.04,100,0,0,FALSE,NA
47,88,"ALDEx2_Welch",TRUE,100,4,0.04,100,0,0,FALSE,NA
47,88,"ANCOM_BC2",TRUE,100,1,0.01,100,0,0,FALSE,NA
47,88,"DESeq2",TRUE,100,5,0.05,100,0,0,FALSE,NA
48,89,"CLR_Wilcoxon",TRUE,100,4,0.04,100,0,0,FALSE,NA
48,89,"ALDEx2_Welch",TRUE,100,5,0.05,100,0,0,FALSE,NA
48,89,"ANCOM_BC2",TRUE,100,0,0,100,0,0,FALSE,NA
48,89,"DESeq2",TRUE,100,7,0.07,100,1,0.01,TRUE,NA
49,90,"CLR_Wilcoxon",TRUE,100,2,0.02,100,0,0,FALSE,NA
49,90,"ALDEx2_Welch",TRUE,100,1,0.01,100,0,0,FALSE,NA
49,90,"ANCOM_BC2",TRUE,100,2,0.02,100,0,0,FALSE,NA
49,90,"DESeq2",TRUE,100,4,0.04,100,0,0,FALSE,NA
50,91,"CLR_Wilcoxon",TRUE,100,2,0.02,100,1,0.01,TRUE,NA
50,91,"ALDEx2_Welch",TRUE,100,1,0.01,100,1,0.01,TRUE,NA
50,91,"ANCOM_BC2",TRUE,100,3,0.03,100,0,0,FALSE,NA
50,91,"DESeq2",TRUE,100,2,0.02,100,0,0,FALSE,NA
51,92,"CLR_Wilcoxon",TRUE,100,5,0.05,100,0,0,FALSE,NA
51,92,"ALDEx2_Welch",TRUE,100,4,0.04,100,0,0,FALSE,NA
51,92,"ANCOM_BC2",TRUE,100,0,0,100,0,0,FALSE,NA
51,92,"DESeq2",TRUE,100,5,0.05,100,0,0,FALSE,NA
52,93,"CLR_Wilcoxon",TRUE,100,3,0.03,100,0,0,FALSE,NA
52,93,"ALDEx2_Welch",TRUE,100,2,0.02,100,0,0,FALSE,NA
52,93,"ANCOM_BC2",TRUE,100,2,0.02,100,0,0,FALSE,NA
52,93,"DESeq2",TRUE,100,5,0.05,100,0,0,FALSE,NA
53,94,"CLR_Wilcoxon",TRUE,100,4,0.04,100,0,0,FALSE,NA
53,94,"ALDEx2_Welch",TRUE,100,4,0.04,100,0,0,FALSE,NA
53,94,"ANCOM_BC2",TRUE,100,1,0.01,100,0,0,FALSE,NA
53,94,"DESeq2",TRUE,100,4,0.04,100,0,0,FALSE,NA
54,95,"CLR_Wilcoxon",TRUE,100,8,0.08,100,0,0,FALSE,NA
54,95,"ALDEx2_Welch",TRUE,100,7,0.07,100,0,0,FALSE,NA
54,95,"ANCOM_BC2",TRUE,100,0,0,100,0,0,FALSE,NA
54,95,"DESeq2",TRUE,100,9,0.09,100,0,0,FALSE,NA
55,96,"CLR_Wilcoxon",TRUE,100,5,0.05,100,0,0,FALSE,NA
55,96,"ALDEx2_Welch",TRUE,100,2,0.02,100,0,0,FALSE,NA
55,96,"ANCOM_BC2",TRUE,100,1,0.01,100,1,0.01,TRUE,NA
55,96,"DESeq2",TRUE,100,5,0.05,100,0,0,FALSE,NA
56,97,"CLR_Wilcoxon",TRUE,100,4,0.04,100,0,0,FALSE,NA
56,97,"ALDEx2_Welch",TRUE,100,4,0.04,100,0,0,FALSE,NA
56,97,"ANCOM_BC2",TRUE,100,4,0.04,100,0,0,FALSE,NA
56,97,"DESeq2",TRUE,100,5,0.05,100,0,0,FALSE,NA
57,98,"CLR_Wilcoxon",TRUE,100,4,0.04,100,0,0,FALSE,NA
57,98,"ALDEx2_Welch",TRUE,100,4,0.04,100,0,0,FALSE,NA
57,98,"ANCOM_BC2",TRUE,100,3,0.03,100,1,0.01,TRUE,NA
57,98,"DESeq2",TRUE,100,4,0.04,100,0,0,FALSE,NA
58,99,"CLR_Wilcoxon",TRUE,100,6,0.06,100,0,0,FALSE,NA
58,99,"ALDEx2_Welch",TRUE,100,4,0.04,100,0,0,FALSE,NA
58,99,"ANCOM_BC2",TRUE,100,5,0.05,100,0,0,FALSE,NA
58,99,"DESeq2",TRUE,100,7,0.07,100,0,0,FALSE,NA
59,100,"CLR_Wilcoxon",TRUE,100,5,0.05,100,0,0,FALSE,NA
59,100,"ALDEx2_Welch",TRUE,100,4,0.04,100,0,0,FALSE,NA
59,100,"ANCOM_BC2",TRUE,100,1,0.01,100,0,0,FALSE,NA
59,100,"DESeq2",TRUE,100,5,0.05,100,0,0,FALSE,NA
60,101,"CLR_Wilcoxon",TRUE,100,2,0.02,100,0,0,FALSE,NA
60,101,"ALDEx2_Welch",TRUE,100,4,0.04,100,0,0,FALSE,NA
60,101,"ANCOM_BC2",TRUE,100,1,0.01,100,0,0,FALSE,NA
60,101,"DESeq2",TRUE,100,4,0.04,100,0,0,FALSE,NA
61,102,"CLR_Wilcoxon",TRUE,100,2,0.02,100,0,0,FALSE,NA
61,102,"ALDEx2_Welch",TRUE,100,3,0.03,100,0,0,FALSE,NA
61,102,"ANCOM_BC2",TRUE,100,0,0,100,0,0,FALSE,NA
61,102,"DESeq2",TRUE,100,5,0.05,100,0,0,FALSE,NA
62,103,"CLR_Wilcoxon",TRUE,100,8,0.08,100,0,0,FALSE,NA
62,103,"ALDEx2_Welch",TRUE,100,6,0.06,100,0,0,FALSE,NA
62,103,"ANCOM_BC2",TRUE,100,3,0.03,100,0,0,FALSE,NA
62,103,"DESeq2",TRUE,100,7,0.07,100,0,0,FALSE,NA
63,104,"CLR_Wilcoxon",TRUE,100,7,0.07,100,0,0,FALSE,NA
63,104,"ALDEx2_Welch",TRUE,100,3,0.03,100,0,0,FALSE,NA
63,104,"ANCOM_BC2",TRUE,100,2,0.02,100,0,0,FALSE,NA
63,104,"DESeq2",TRUE,100,6,0.06,100,0,0,FALSE,NA
64,105,"CLR_Wilcoxon",TRUE,100,5,0.05,100,0,0,FALSE,NA
64,105,"ALDEx2_Welch",TRUE,100,4,0.04,100,0,0,FALSE,NA
64,105,"ANCOM_BC2",TRUE,100,4,0.04,100,0,0,FALSE,NA
64,105,"DESeq2",TRUE,100,6,0.06,100,0,0,FALSE,NA
65,106,"CLR_Wilcoxon",TRUE,100,2,0.02,100,0,0,FALSE,NA
65,106,"ALDEx2_Welch",TRUE,100,4,0.04,100,0,0,FALSE,NA
65,106,"ANCOM_BC2",TRUE,100,3,0.03,100,0,0,FALSE,NA
65,106,"DESeq2",TRUE,100,1,0.01,100,0,0,FALSE,NA
66,107,"CLR_Wilcoxon",TRUE,100,10,0.1,100,0,0,FALSE,NA
66,107,"ALDEx2_Welch",TRUE,100,4,0.04,100,0,0,FALSE,NA
66,107,"ANCOM_BC2",TRUE,100,2,0.02,100,0,0,FALSE,NA
66,107,"DESeq2",TRUE,100,5,0.05,100,1,0.01,TRUE,NA
67,108,"CLR_Wilcoxon",TRUE,100,4,0.04,100,0,0,FALSE,NA
67,108,"ALDEx2_Welch",TRUE,100,5,0.05,100,0,0,FALSE,NA
67,108,"ANCOM_BC2",TRUE,100,1,0.01,100,0,0,FALSE,NA
67,108,"DESeq2",TRUE,100,5,0.05,100,0,0,FALSE,NA
68,109,"CLR_Wilcoxon",TRUE,100,4,0.04,100,0,0,FALSE,NA
68,109,"ALDEx2_Welch",TRUE,100,3,0.03,100,0,0,FALSE,NA
68,109,"ANCOM_BC2",TRUE,100,2,0.02,100,0,0,FALSE,NA
68,109,"DESeq2",TRUE,100,5,0.05,100,0,0,FALSE,NA
69,110,"CLR_Wilcoxon",TRUE,100,11,0.11,100,0,0,FALSE,NA
69,110,"ALDEx2_Welch",TRUE,100,9,0.09,100,0,0,FALSE,NA
69,110,"ANCOM_BC2",TRUE,100,6,0.06,100,1,0.01,TRUE,NA
69,110,"DESeq2",TRUE,100,8,0.08,100,0,0,FALSE,NA
70,111,"CLR_Wilcoxon",TRUE,100,6,0.06,100,0,0,FALSE,NA
70,111,"ALDEx2_Welch",TRUE,100,4,0.04,100,0,0,FALSE,NA
70,111,"ANCOM_BC2",TRUE,100,6,0.06,100,0,0,FALSE,NA
70,111,"DESeq2",TRUE,100,4,0.04,100,0,0,FALSE,NA
71,112,"CLR_Wilcoxon",TRUE,100,6,0.06,100,0,0,FALSE,NA
71,112,"ALDEx2_Welch",TRUE,100,5,0.05,100,0,0,FALSE,NA
71,112,"ANCOM_BC2",TRUE,100,1,0.01,100,0,0,FALSE,NA
71,112,"DESeq2",TRUE,100,7,0.07,100,0,0,FALSE,NA
72,113,"CLR_Wilcoxon",TRUE,100,1,0.01,100,0,0,FALSE,NA
72,113,"ALDEx2_Welch",TRUE,100,1,0.01,100,0,0,FALSE,NA
72,113,"ANCOM_BC2",TRUE,100,2,0.02,100,0,0,FALSE,NA
72,113,"DESeq2",TRUE,100,5,0.05,100,0,0,FALSE,NA
73,114,"CLR_Wilcoxon",TRUE,100,5,0.05,100,0,0,FALSE,NA
73,114,"ALDEx2_Welch",TRUE,100,3,0.03,100,0,0,FALSE,NA
73,114,"ANCOM_BC2",TRUE,100,5,0.05,100,1,0.01,TRUE,NA
73,114,"DESeq2",TRUE,100,8,0.08,100,0,0,FALSE,NA
74,115,"CLR_Wilcoxon",TRUE,100,1,0.01,100,0,0,FALSE,NA
74,115,"ALDEx2_Welch",TRUE,100,2,0.02,100,0,0,FALSE,NA
74,115,"ANCOM_BC2",TRUE,100,1,0.01,100,0,0,FALSE,NA
74,115,"DESeq2",TRUE,100,4,0.04,100,0,0,FALSE,NA
75,116,"CLR_Wilcoxon",TRUE,100,3,0.03,100,0,0,FALSE,NA
75,116,"ALDEx2_Welch",TRUE,100,1,0.01,100,0,0,FALSE,NA
75,116,"ANCOM_BC2",TRUE,100,2,0.02,100,1,0.01,TRUE,NA
75,116,"DESeq2",TRUE,100,4,0.04,100,0,0,FALSE,NA
76,117,"CLR_Wilcoxon",TRUE,100,7,0.07,100,0,0,FALSE,NA
76,117,"ALDEx2_Welch",TRUE,100,5,0.05,100,0,0,FALSE,NA
76,117,"ANCOM_BC2",TRUE,100,7,0.07,100,0,0,FALSE,NA
76,117,"DESeq2",TRUE,100,3,0.03,100,0,0,FALSE,NA
77,118,"CLR_Wilcoxon",TRUE,100,4,0.04,100,0,0,FALSE,NA
77,118,"ALDEx2_Welch",TRUE,100,3,0.03,100,0,0,FALSE,NA
77,118,"ANCOM_BC2",TRUE,100,3,0.03,100,1,0.01,TRUE,NA
77,118,"DESeq2",TRUE,100,8,0.08,100,0,0,FALSE,NA
78,119,"CLR_Wilcoxon",TRUE,100,2,0.02,100,0,0,FALSE,NA
78,119,"ALDEx2_Welch",TRUE,100,4,0.04,100,0,0,FALSE,NA
78,119,"ANCOM_BC2",TRUE,100,4,0.04,100,0,0,FALSE,NA
78,119,"DESeq2",TRUE,100,5,0.05,100,0,0,FALSE,NA
79,120,"CLR_Wilcoxon",TRUE,100,2,0.02,100,0,0,FALSE,NA
79,120,"ALDEx2_Welch",TRUE,100,1,0.01,100,0,0,FALSE,NA
79,120,"ANCOM_BC2",TRUE,100,2,0.02,100,0,0,FALSE,NA
79,120,"DESeq2",TRUE,100,4,0.04,100,0,0,FALSE,NA
80,121,"CLR_Wilcoxon",TRUE,100,2,0.02,100,0,0,FALSE,NA
80,121,"ALDEx2_Welch",TRUE,100,3,0.03,100,0,0,FALSE,NA
80,121,"ANCOM_BC2",TRUE,100,4,0.04,100,0,0,FALSE,NA
80,121,"DESeq2",TRUE,100,3,0.03,100,0,0,FALSE,NA
81,122,"CLR_Wilcoxon",TRUE,100,4,0.04,100,0,0,FALSE,NA
81,122,"ALDEx2_Welch",TRUE,100,0,0,100,0,0,FALSE,NA
81,122,"ANCOM_BC2",TRUE,100,4,0.04,100,0,0,FALSE,NA
81,122,"DESeq2",TRUE,100,4,0.04,100,0,0,FALSE,NA
82,123,"CLR_Wilcoxon",TRUE,100,2,0.02,100,0,0,FALSE,NA
82,123,"ALDEx2_Welch",TRUE,100,1,0.01,100,0,0,FALSE,NA
82,123,"ANCOM_BC2",TRUE,100,1,0.01,100,0,0,FALSE,NA
82,123,"DESeq2",TRUE,100,2,0.02,100,0,0,FALSE,NA
83,124,"CLR_Wilcoxon",TRUE,100,3,0.03,100,0,0,FALSE,NA
83,124,"ALDEx2_Welch",TRUE,100,1,0.01,100,0,0,FALSE,NA
83,124,"ANCOM_BC2",TRUE,100,3,0.03,100,0,0,FALSE,NA
83,124,"DESeq2",TRUE,100,8,0.08,100,0,0,FALSE,NA
84,125,"CLR_Wilcoxon",TRUE,100,4,0.04,100,0,0,FALSE,NA
84,125,"ALDEx2_Welch",TRUE,100,3,0.03,100,0,0,FALSE,NA
84,125,"ANCOM_BC2",TRUE,100,4,0.04,100,1,0.01,TRUE,NA
84,125,"DESeq2",TRUE,100,6,0.06,100,1,0.01,TRUE,NA
85,126,"CLR_Wilcoxon",TRUE,100,6,0.06,100,0,0,FALSE,NA
85,126,"ALDEx2_Welch",TRUE,100,6,0.06,100,0,0,FALSE,NA
85,126,"ANCOM_BC2",TRUE,100,1,0.01,100,0,0,FALSE,NA
85,126,"DESeq2",TRUE,100,6,0.06,100,0,0,FALSE,NA
86,127,"CLR_Wilcoxon",TRUE,100,4,0.04,100,0,0,FALSE,NA
86,127,"ALDEx2_Welch",TRUE,100,4,0.04,100,0,0,FALSE,NA
86,127,"ANCOM_BC2",TRUE,100,1,0.01,100,0,0,FALSE,NA
86,127,"DESeq2",TRUE,100,3,0.03,100,0,0,FALSE,NA
87,128,"CLR_Wilcoxon",TRUE,100,5,0.05,100,0,0,FALSE,NA
87,128,"ALDEx2_Welch",TRUE,100,1,0.01,100,0,0,FALSE,NA
87,128,"ANCOM_BC2",TRUE,100,3,0.03,100,0,0,FALSE,NA
87,128,"DESeq2",TRUE,100,5,0.05,100,0,0,FALSE,NA
88,129,"CLR_Wilcoxon",TRUE,100,3,0.03,100,0,0,FALSE,NA
88,129,"ALDEx2_Welch",TRUE,100,1,0.01,100,0,0,FALSE,NA
88,129,"ANCOM_BC2",TRUE,100,2,0.02,100,0,0,FALSE,NA
88,129,"DESeq2",TRUE,100,2,0.02,100,0,0,FALSE,NA
89,130,"CLR_Wilcoxon",TRUE,100,2,0.02,100,0,0,FALSE,NA
89,130,"ALDEx2_Welch",TRUE,100,4,0.04,100,0,0,FALSE,NA
89,130,"ANCOM_BC2",TRUE,100,1,0.01,100,0,0,FALSE,NA
89,130,"DESeq2",TRUE,100,6,0.06,100,0,0,FALSE,NA
90,131,"CLR_Wilcoxon",TRUE,100,4,0.04,100,0,0,FALSE,NA
90,131,"ALDEx2_Welch",TRUE,100,2,0.02,100,0,0,FALSE,NA
90,131,"ANCOM_BC2",TRUE,100,1,0.01,100,0,0,FALSE,NA
90,131,"DESeq2",TRUE,100,5,0.05,100,0,0,FALSE,NA
91,132,"CLR_Wilcoxon",TRUE,100,6,0.06,100,0,0,FALSE,NA
91,132,"ALDEx2_Welch",TRUE,100,5,0.05,100,0,0,FALSE,NA
91,132,"ANCOM_BC2",TRUE,100,2,0.02,100,0,0,FALSE,NA
91,132,"DESeq2",TRUE,100,11,0.11,100,0,0,FALSE,NA
92,133,"CLR_Wilcoxon",TRUE,100,5,0.05,100,1,0.01,TRUE,NA
92,133,"ALDEx2_Welch",TRUE,100,7,0.07,100,0,0,FALSE,NA
92,133,"ANCOM_BC2",TRUE,100,3,0.03,100,0,0,FALSE,NA
92,133,"DESeq2",TRUE,100,9,0.09,100,2,0.02,TRUE,NA
93,134,"CLR_Wilcoxon",TRUE,100,4,0.04,100,0,0,FALSE,NA
93,134,"ALDEx2_Welch",TRUE,100,4,0.04,100,0,0,FALSE,NA
93,134,"ANCOM_BC2",TRUE,100,3,0.03,100,1,0.01,TRUE,NA
93,134,"DESeq2",TRUE,100,5,0.05,100,0,0,FALSE,NA
94,135,"CLR_Wilcoxon",TRUE,100,4,0.04,100,0,0,FALSE,NA
94,135,"ALDEx2_Welch",TRUE,100,3,0.03,100,0,0,FALSE,NA
94,135,"ANCOM_BC2",TRUE,100,1,0.01,100,0,0,FALSE,NA
94,135,"DESeq2",TRUE,100,7,0.07,100,0,0,FALSE,NA
95,136,"CLR_Wilcoxon",TRUE,100,4,0.04,100,0,0,FALSE,NA
95,136,"ALDEx2_Welch",TRUE,100,2,0.02,100,0,0,FALSE,NA
95,136,"ANCOM_BC2",TRUE,100,4,0.04,100,0,0,FALSE,NA
95,136,"DESeq2",TRUE,100,8,0.08,100,1,0.01,TRUE,NA
96,137,"CLR_Wilcoxon",TRUE,100,2,0.02,100,2,0.02,TRUE,NA
96,137,"ALDEx2_Welch",TRUE,100,2,0.02,100,1,0.01,TRUE,NA
96,137,"ANCOM_BC2",TRUE,100,5,0.05,100,0,0,FALSE,NA
96,137,"DESeq2",TRUE,100,5,0.05,100,1,0.01,TRUE,NA
97,138,"CLR_Wilcoxon",TRUE,100,5,0.05,100,0,0,FALSE,NA
97,138,"ALDEx2_Welch",TRUE,100,2,0.02,100,0,0,FALSE,NA
97,138,"ANCOM_BC2",TRUE,100,1,0.01,100,0,0,FALSE,NA
97,138,"DESeq2",TRUE,100,5,0.05,100,0,0,FALSE,NA
98,139,"CLR_Wilcoxon",TRUE,100,7,0.07,100,0,0,FALSE,NA
98,139,"ALDEx2_Welch",TRUE,100,6,0.06,100,0,0,FALSE,NA
98,139,"ANCOM_BC2",TRUE,100,5,0.05,100,0,0,FALSE,NA
98,139,"DESeq2",TRUE,100,7,0.07,100,0,0,FALSE,NA
99,140,"CLR_Wilcoxon",TRUE,100,5,0.05,100,0,0,FALSE,NA
99,140,"ALDEx2_Welch",TRUE,100,3,0.03,100,0,0,FALSE,NA
99,140,"ANCOM_BC2",TRUE,100,4,0.04,100,2,0.02,TRUE,NA
99,140,"DESeq2",TRUE,100,9,0.09,100,0,0,FALSE,NA
100,141,"CLR_Wilcoxon",TRUE,100,7,0.07,100,0,0,FALSE,NA
100,141,"ALDEx2_Welch",TRUE,100,5,0.05,100,0,0,FALSE,NA
100,141,"ANCOM_BC2",TRUE,100,3,0.03,100,1,0.01,TRUE,NA
100,141,"DESeq2",TRUE,100,5,0.05,100,0,0,FALSE,NA
101,142,"CLR_Wilcoxon",TRUE,100,7,0.07,100,0,0,FALSE,NA
101,142,"ALDEx2_Welch",TRUE,100,6,0.06,100,0,0,FALSE,NA
101,142,"ANCOM_BC2",TRUE,100,5,0.05,100,0,0,FALSE,NA
101,142,"DESeq2",TRUE,100,6,0.06,100,0,0,FALSE,NA
102,143,"CLR_Wilcoxon",TRUE,100,7,0.07,100,1,0.01,TRUE,NA
102,143,"ALDEx2_Welch",TRUE,100,6,0.06,100,0,0,FALSE,NA
102,143,"ANCOM_BC2",TRUE,100,2,0.02,100,0,0,FALSE,NA
102,143,"DESeq2",TRUE,100,6,0.06,100,1,0.01,TRUE,NA
103,144,"CLR_Wilcoxon",TRUE,100,6,0.06,100,0,0,FALSE,NA
103,144,"ALDEx2_Welch",TRUE,100,3,0.03,100,0,0,FALSE,NA
103,144,"ANCOM_BC2",TRUE,100,2,0.02,100,0,0,FALSE,NA
103,144,"DESeq2",TRUE,100,5,0.05,100,1,0.01,TRUE,NA
104,145,"CLR_Wilcoxon",TRUE,100,7,0.07,100,2,0.02,TRUE,NA
104,145,"ALDEx2_Welch",TRUE,100,7,0.07,100,1,0.01,TRUE,NA
104,145,"ANCOM_BC2",TRUE,100,2,0.02,100,0,0,FALSE,NA
104,145,"DESeq2",TRUE,100,4,0.04,100,1,0.01,TRUE,NA
105,146,"CLR_Wilcoxon",TRUE,100,2,0.02,100,0,0,FALSE,NA
105,146,"ALDEx2_Welch",TRUE,100,1,0.01,100,0,0,FALSE,NA
105,146,"ANCOM_BC2",TRUE,100,4,0.04,100,0,0,FALSE,NA
105,146,"DESeq2",TRUE,100,2,0.02,100,0,0,FALSE,NA
106,147,"CLR_Wilcoxon",TRUE,100,4,0.04,100,0,0,FALSE,NA
106,147,"ALDEx2_Welch",TRUE,100,1,0.01,100,0,0,FALSE,NA
106,147,"ANCOM_BC2",TRUE,100,2,0.02,100,0,0,FALSE,NA
106,147,"DESeq2",TRUE,100,2,0.02,100,0,0,FALSE,NA
107,148,"CLR_Wilcoxon",TRUE,100,2,0.02,100,0,0,FALSE,NA
107,148,"ALDEx2_Welch",TRUE,100,2,0.02,100,0,0,FALSE,NA
107,148,"ANCOM_BC2",TRUE,100,1,0.01,100,0,0,FALSE,NA
107,148,"DESeq2",TRUE,100,8,0.08,100,0,0,FALSE,NA
108,149,"CLR_Wilcoxon",TRUE,100,5,0.05,100,1,0.01,TRUE,NA
108,149,"ALDEx2_Welch",TRUE,100,4,0.04,100,1,0.01,TRUE,NA
108,149,"ANCOM_BC2",TRUE,100,5,0.05,100,0,0,FALSE,NA
108,149,"DESeq2",TRUE,100,6,0.06,100,1,0.01,TRUE,NA
109,150,"CLR_Wilcoxon",TRUE,100,2,0.02,100,0,0,FALSE,NA
109,150,"ALDEx2_Welch",TRUE,100,2,0.02,100,0,0,FALSE,NA
109,150,"ANCOM_BC2",TRUE,100,2,0.02,100,1,0.01,TRUE,NA
109,150,"DESeq2",TRUE,100,5,0.05,100,0,0,FALSE,NA
110,151,"CLR_Wilcoxon",TRUE,100,3,0.03,100,0,0,FALSE,NA
110,151,"ALDEx2_Welch",TRUE,100,4,0.04,100,0,0,FALSE,NA
110,151,"ANCOM_BC2",TRUE,100,1,0.01,100,0,0,FALSE,NA
110,151,"DESeq2",TRUE,100,4,0.04,100,0,0,FALSE,NA
111,152,"CLR_Wilcoxon",TRUE,100,6,0.06,100,0,0,FALSE,NA
111,152,"ALDEx2_Welch",TRUE,100,4,0.04,100,0,0,FALSE,NA
111,152,"ANCOM_BC2",TRUE,100,4,0.04,100,0,0,FALSE,NA
111,152,"DESeq2",TRUE,100,8,0.08,100,1,0.01,TRUE,NA
112,153,"CLR_Wilcoxon",TRUE,100,4,0.04,100,0,0,FALSE,NA
112,153,"ALDEx2_Welch",TRUE,100,2,0.02,100,0,0,FALSE,NA
112,153,"ANCOM_BC2",TRUE,100,3,0.03,100,0,0,FALSE,NA
112,153,"DESeq2",TRUE,100,6,0.06,100,0,0,FALSE,NA
113,154,"CLR_Wilcoxon",TRUE,100,5,0.05,100,1,0.01,TRUE,NA
113,154,"ALDEx2_Welch",TRUE,100,4,0.04,100,1,0.01,TRUE,NA
113,154,"ANCOM_BC2",TRUE,100,2,0.02,100,0,0,FALSE,NA
113,154,"DESeq2",TRUE,100,7,0.07,100,1,0.01,TRUE,NA
114,155,"CLR_Wilcoxon",TRUE,100,4,0.04,100,0,0,FALSE,NA
114,155,"ALDEx2_Welch",TRUE,100,4,0.04,100,0,0,FALSE,NA
114,155,"ANCOM_BC2",TRUE,100,0,0,100,0,0,FALSE,NA
114,155,"DESeq2",TRUE,100,4,0.04,100,0,0,FALSE,NA
115,156,"CLR_Wilcoxon",TRUE,100,6,0.06,100,0,0,FALSE,NA
115,156,"ALDEx2_Welch",TRUE,100,5,0.05,100,0,0,FALSE,NA
115,156,"ANCOM_BC2",TRUE,100,2,0.02,100,0,0,FALSE,NA
115,156,"DESeq2",TRUE,100,7,0.07,100,0,0,FALSE,NA
116,157,"CLR_Wilcoxon",TRUE,100,2,0.02,100,0,0,FALSE,NA
116,157,"ALDEx2_Welch",TRUE,100,1,0.01,100,0,0,FALSE,NA
116,157,"ANCOM_BC2",TRUE,100,3,0.03,100,2,0.02,TRUE,NA
116,157,"DESeq2",TRUE,100,2,0.02,100,0,0,FALSE,NA
117,158,"CLR_Wilcoxon",TRUE,100,6,0.06,100,0,0,FALSE,NA
117,158,"ALDEx2_Welch",TRUE,100,4,0.04,100,0,0,FALSE,NA
117,158,"ANCOM_BC2",TRUE,100,3,0.03,100,0,0,FALSE,NA
117,158,"DESeq2",TRUE,100,6,0.06,100,0,0,FALSE,NA
118,159,"CLR_Wilcoxon",TRUE,100,3,0.03,100,0,0,FALSE,NA
118,159,"ALDEx2_Welch",TRUE,100,2,0.02,100,0,0,FALSE,NA
118,159,"ANCOM_BC2",TRUE,100,2,0.02,100,0,0,FALSE,NA
118,159,"DESeq2",TRUE,100,2,0.02,100,0,0,FALSE,NA
119,160,"CLR_Wilcoxon",TRUE,100,3,0.03,100,0,0,FALSE,NA
119,160,"ALDEx2_Welch",TRUE,100,5,0.05,100,0,0,FALSE,NA
119,160,"ANCOM_BC2",TRUE,100,1,0.01,100,0,0,FALSE,NA
119,160,"DESeq2",TRUE,100,4,0.04,100,0,0,FALSE,NA
120,161,"CLR_Wilcoxon",TRUE,100,2,0.02,100,0,0,FALSE,NA
120,161,"ALDEx2_Welch",TRUE,100,2,0.02,100,0,0,FALSE,NA
120,161,"ANCOM_BC2",TRUE,100,3,0.03,100,0,0,FALSE,NA
120,161,"DESeq2",TRUE,100,4,0.04,100,0,0,FALSE,NA
121,162,"CLR_Wilcoxon",TRUE,100,1,0.01,100,0,0,FALSE,NA
121,162,"ALDEx2_Welch",TRUE,100,1,0.01,100,0,0,FALSE,NA
121,162,"ANCOM_BC2",TRUE,100,3,0.03,100,0,0,FALSE,NA
121,162,"DESeq2",TRUE,100,4,0.04,100,0,0,FALSE,NA
122,163,"CLR_Wilcoxon",TRUE,100,3,0.03,100,0,0,FALSE,NA
122,163,"ALDEx2_Welch",TRUE,100,3,0.03,100,0,0,FALSE,NA
122,163,"ANCOM_BC2",TRUE,100,0,0,100,0,0,FALSE,NA
122,163,"DESeq2",TRUE,100,6,0.06,100,0,0,FALSE,NA
123,164,"CLR_Wilcoxon",TRUE,100,2,0.02,100,0,0,FALSE,NA
123,164,"ALDEx2_Welch",TRUE,100,1,0.01,100,0,0,FALSE,NA
123,164,"ANCOM_BC2",TRUE,100,3,0.03,100,0,0,FALSE,NA
123,164,"DESeq2",TRUE,100,2,0.02,100,0,0,FALSE,NA
124,165,"CLR_Wilcoxon",TRUE,100,2,0.02,100,0,0,FALSE,NA
124,165,"ALDEx2_Welch",TRUE,100,2,0.02,100,0,0,FALSE,NA
124,165,"ANCOM_BC2",TRUE,100,3,0.03,100,0,0,FALSE,NA
124,165,"DESeq2",TRUE,100,4,0.04,100,0,0,FALSE,NA
125,166,"CLR_Wilcoxon",TRUE,100,4,0.04,100,0,0,FALSE,NA
125,166,"ALDEx2_Welch",TRUE,100,5,0.05,100,0,0,FALSE,NA
125,166,"ANCOM_BC2",TRUE,100,1,0.01,100,0,0,FALSE,NA
125,166,"DESeq2",TRUE,100,4,0.04,100,0,0,FALSE,NA
126,167,"CLR_Wilcoxon",TRUE,100,4,0.04,100,0,0,FALSE,NA
126,167,"ALDEx2_Welch",TRUE,100,3,0.03,100,0,0,FALSE,NA
126,167,"ANCOM_BC2",TRUE,100,0,0,100,0,0,FALSE,NA
126,167,"DESeq2",TRUE,100,3,0.03,100,0,0,FALSE,NA
127,168,"CLR_Wilcoxon",TRUE,100,3,0.03,100,0,0,FALSE,NA
127,168,"ALDEx2_Welch",TRUE,100,4,0.04,100,0,0,FALSE,NA
127,168,"ANCOM_BC2",TRUE,100,4,0.04,100,0,0,FALSE,NA
127,168,"DESeq2",TRUE,100,9,0.09,100,0,0,FALSE,NA
128,169,"CLR_Wilcoxon",TRUE,100,6,0.06,100,0,0,FALSE,NA
128,169,"ALDEx2_Welch",TRUE,100,5,0.05,100,0,0,FALSE,NA
128,169,"ANCOM_BC2",TRUE,100,5,0.05,100,0,0,FALSE,NA
128,169,"DESeq2",TRUE,100,4,0.04,100,1,0.01,TRUE,NA
129,170,"CLR_Wilcoxon",TRUE,100,4,0.04,100,0,0,FALSE,NA
129,170,"ALDEx2_Welch",TRUE,100,6,0.06,100,0,0,FALSE,NA
129,170,"ANCOM_BC2",TRUE,100,0,0,100,0,0,FALSE,NA
129,170,"DESeq2",TRUE,100,6,0.06,100,0,0,FALSE,NA
130,171,"CLR_Wilcoxon",TRUE,100,3,0.03,100,0,0,FALSE,NA
130,171,"ALDEx2_Welch",TRUE,100,4,0.04,100,0,0,FALSE,NA
130,171,"ANCOM_BC2",TRUE,100,2,0.02,100,0,0,FALSE,NA
130,171,"DESeq2",TRUE,100,3,0.03,100,0,0,FALSE,NA
131,172,"CLR_Wilcoxon",TRUE,100,4,0.04,100,0,0,FALSE,NA
131,172,"ALDEx2_Welch",TRUE,100,1,0.01,100,0,0,FALSE,NA
131,172,"ANCOM_BC2",TRUE,100,2,0.02,100,0,0,FALSE,NA
131,172,"DESeq2",TRUE,100,6,0.06,100,0,0,FALSE,NA
132,173,"CLR_Wilcoxon",TRUE,100,6,0.06,100,0,0,FALSE,NA
132,173,"ALDEx2_Welch",TRUE,100,6,0.06,100,0,0,FALSE,NA
132,173,"ANCOM_BC2",TRUE,100,2,0.02,100,0,0,FALSE,NA
132,173,"DESeq2",TRUE,100,5,0.05,100,0,0,FALSE,NA
133,174,"CLR_Wilcoxon",TRUE,100,7,0.07,100,0,0,FALSE,NA
133,174,"ALDEx2_Welch",TRUE,100,5,0.05,100,0,0,FALSE,NA
133,174,"ANCOM_BC2",TRUE,100,2,0.02,100,0,0,FALSE,NA
133,174,"DESeq2",TRUE,100,7,0.07,100,0,0,FALSE,NA
134,175,"CLR_Wilcoxon",TRUE,100,6,0.06,100,0,0,FALSE,NA
134,175,"ALDEx2_Welch",TRUE,100,5,0.05,100,0,0,FALSE,NA
134,175,"ANCOM_BC2",TRUE,100,5,0.05,100,0,0,FALSE,NA
134,175,"DESeq2",TRUE,100,8,0.08,100,0,0,FALSE,NA
135,176,"CLR_Wilcoxon",TRUE,100,5,0.05,100,0,0,FALSE,NA
135,176,"ALDEx2_Welch",TRUE,100,5,0.05,100,0,0,FALSE,NA
135,176,"ANCOM_BC2",TRUE,100,3,0.03,100,0,0,FALSE,NA
135,176,"DESeq2",TRUE,100,6,0.06,100,0,0,FALSE,NA
136,177,"CLR_Wilcoxon",TRUE,100,4,0.04,100,0,0,FALSE,NA
136,177,"ALDEx2_Welch",TRUE,100,4,0.04,100,0,0,FALSE,NA
136,177,"ANCOM_BC2",TRUE,100,2,0.02,100,0,0,FALSE,NA
136,177,"DESeq2",TRUE,100,3,0.03,100,0,0,FALSE,NA
137,178,"CLR_Wilcoxon",TRUE,100,7,0.07,100,0,0,FALSE,NA
137,178,"ALDEx2_Welch",TRUE,100,8,0.08,100,0,0,FALSE,NA
137,178,"ANCOM_BC2",TRUE,100,6,0.06,100,0,0,FALSE,NA
137,178,"DESeq2",TRUE,100,4,0.04,100,0,0,FALSE,NA
138,179,"CLR_Wilcoxon",TRUE,100,7,0.07,100,0,0,FALSE,NA
138,179,"ALDEx2_Welch",TRUE,100,4,0.04,100,0,0,FALSE,NA
138,179,"ANCOM_BC2",TRUE,100,1,0.01,100,0,0,FALSE,NA
138,179,"DESeq2",TRUE,100,7,0.07,100,0,0,FALSE,NA
139,180,"CLR_Wilcoxon",TRUE,100,4,0.04,100,0,0,FALSE,NA
139,180,"ALDEx2_Welch",TRUE,100,3,0.03,100,0,0,FALSE,NA
139,180,"ANCOM_BC2",TRUE,100,2,0.02,100,0,0,FALSE,NA
139,180,"DESeq2",TRUE,100,3,0.03,100,0,0,FALSE,NA
140,181,"CLR_Wilcoxon",TRUE,100,6,0.06,100,0,0,FALSE,NA
140,181,"ALDEx2_Welch",TRUE,100,4,0.04,100,0,0,FALSE,NA
140,181,"ANCOM_BC2",TRUE,100,1,0.01,100,0,0,FALSE,NA
140,181,"DESeq2",TRUE,100,4,0.04,100,0,0,FALSE,NA
141,182,"CLR_Wilcoxon",TRUE,100,2,0.02,100,0,0,FALSE,NA
141,182,"ALDEx2_Welch",TRUE,100,2,0.02,100,0,0,FALSE,NA
141,182,"ANCOM_BC2",TRUE,100,1,0.01,100,0,0,FALSE,NA
141,182,"DESeq2",TRUE,100,5,0.05,100,0,0,FALSE,NA
142,183,"CLR_Wilcoxon",TRUE,100,7,0.07,100,0,0,FALSE,NA
142,183,"ALDEx2_Welch",TRUE,100,5,0.05,100,0,0,FALSE,NA
142,183,"ANCOM_BC2",TRUE,100,3,0.03,100,0,0,FALSE,NA
142,183,"DESeq2",TRUE,100,8,0.08,100,0,0,FALSE,NA
143,184,"CLR_Wilcoxon",TRUE,100,9,0.09,100,0,0,FALSE,NA
143,184,"ALDEx2_Welch",TRUE,100,4,0.04,100,0,0,FALSE,NA
143,184,"ANCOM_BC2",TRUE,100,1,0.01,100,0,0,FALSE,NA
143,184,"DESeq2",TRUE,100,12,0.12,100,0,0,FALSE,NA
144,185,"CLR_Wilcoxon",TRUE,100,5,0.05,100,0,0,FALSE,NA
144,185,"ALDEx2_Welch",TRUE,100,4,0.04,100,0,0,FALSE,NA
144,185,"ANCOM_BC2",TRUE,100,0,0,100,0,0,FALSE,NA
144,185,"DESeq2",TRUE,100,5,0.05,100,0,0,FALSE,NA
145,186,"CLR_Wilcoxon",TRUE,100,7,0.07,100,0,0,FALSE,NA
145,186,"ALDEx2_Welch",TRUE,100,3,0.03,100,0,0,FALSE,NA
145,186,"ANCOM_BC2",TRUE,100,4,0.04,100,0,0,FALSE,NA
145,186,"DESeq2",TRUE,100,9,0.09,100,0,0,FALSE,NA
146,187,"CLR_Wilcoxon",TRUE,100,4,0.04,100,0,0,FALSE,NA
146,187,"ALDEx2_Welch",TRUE,100,2,0.02,100,0,0,FALSE,NA
146,187,"ANCOM_BC2",TRUE,100,4,0.04,100,0,0,FALSE,NA
146,187,"DESeq2",TRUE,100,8,0.08,100,0,0,FALSE,NA
147,188,"CLR_Wilcoxon",TRUE,100,4,0.04,100,0,0,FALSE,NA
147,188,"ALDEx2_Welch",TRUE,100,3,0.03,100,0,0,FALSE,NA
147,188,"ANCOM_BC2",TRUE,100,2,0.02,100,0,0,FALSE,NA
147,188,"DESeq2",TRUE,100,7,0.07,100,0,0,FALSE,NA
148,189,"CLR_Wilcoxon",TRUE,100,4,0.04,100,0,0,FALSE,NA
148,189,"ALDEx2_Welch",TRUE,100,3,0.03,100,0,0,FALSE,NA
148,189,"ANCOM_BC2",TRUE,100,1,0.01,100,0,0,FALSE,NA
148,189,"DESeq2",TRUE,100,6,0.06,100,0,0,FALSE,NA
149,190,"CLR_Wilcoxon",TRUE,100,7,0.07,100,0,0,FALSE,NA
149,190,"ALDEx2_Welch",TRUE,100,4,0.04,100,0,0,FALSE,NA
149,190,"ANCOM_BC2",TRUE,100,1,0.01,100,0,0,FALSE,NA
149,190,"DESeq2",TRUE,100,7,0.07,100,1,0.01,TRUE,NA
150,191,"CLR_Wilcoxon",TRUE,100,8,0.08,100,0,0,FALSE,NA
150,191,"ALDEx2_Welch",TRUE,100,4,0.04,100,0,0,FALSE,NA
150,191,"ANCOM_BC2",TRUE,100,6,0.06,100,1,0.01,TRUE,NA
150,191,"DESeq2",TRUE,100,9,0.09,100,0,0,FALSE,NA
151,192,"CLR_Wilcoxon",TRUE,100,1,0.01,100,0,0,FALSE,NA
151,192,"ALDEx2_Welch",TRUE,100,1,0.01,100,0,0,FALSE,NA
151,192,"ANCOM_BC2",TRUE,100,2,0.02,100,1,0.01,TRUE,NA
151,192,"DESeq2",TRUE,100,2,0.02,100,0,0,FALSE,NA
152,193,"CLR_Wilcoxon",TRUE,100,6,0.06,100,0,0,FALSE,NA
152,193,"ALDEx2_Welch",TRUE,100,5,0.05,100,0,0,FALSE,NA
152,193,"ANCOM_BC2",TRUE,100,4,0.04,100,0,0,FALSE,NA
152,193,"DESeq2",TRUE,100,8,0.08,100,2,0.02,TRUE,NA
153,194,"CLR_Wilcoxon",TRUE,100,5,0.05,100,0,0,FALSE,NA
153,194,"ALDEx2_Welch",TRUE,100,5,0.05,100,0,0,FALSE,NA
153,194,"ANCOM_BC2",TRUE,100,2,0.02,100,0,0,FALSE,NA
153,194,"DESeq2",TRUE,100,7,0.07,100,0,0,FALSE,NA
154,195,"CLR_Wilcoxon",TRUE,100,4,0.04,100,0,0,FALSE,NA
154,195,"ALDEx2_Welch",TRUE,100,3,0.03,100,0,0,FALSE,NA
154,195,"ANCOM_BC2",TRUE,100,3,0.03,100,1,0.01,TRUE,NA
154,195,"DESeq2",TRUE,100,4,0.04,100,0,0,FALSE,NA
155,196,"CLR_Wilcoxon",TRUE,100,3,0.03,100,0,0,FALSE,NA
155,196,"ALDEx2_Welch",TRUE,100,3,0.03,100,0,0,FALSE,NA
155,196,"ANCOM_BC2",TRUE,100,1,0.01,100,1,0.01,TRUE,NA
155,196,"DESeq2",TRUE,100,2,0.02,100,0,0,FALSE,NA
156,197,"CLR_Wilcoxon",TRUE,100,1,0.01,100,0,0,FALSE,NA
156,197,"ALDEx2_Welch",TRUE,100,0,0,100,0,0,FALSE,NA
156,197,"ANCOM_BC2",TRUE,100,3,0.03,100,0,0,FALSE,NA
156,197,"DESeq2",TRUE,100,5,0.05,100,0,0,FALSE,NA
157,198,"CLR_Wilcoxon",TRUE,100,3,0.03,100,0,0,FALSE,NA
157,198,"ALDEx2_Welch",TRUE,100,2,0.02,100,0,0,FALSE,NA
157,198,"ANCOM_BC2",TRUE,100,2,0.02,100,0,0,FALSE,NA
157,198,"DESeq2",TRUE,100,4,0.04,100,0,0,FALSE,NA
158,199,"CLR_Wilcoxon",TRUE,100,3,0.03,100,0,0,FALSE,NA
158,199,"ALDEx2_Welch",TRUE,100,4,0.04,100,0,0,FALSE,NA
158,199,"ANCOM_BC2",TRUE,100,2,0.02,100,0,0,FALSE,NA
158,199,"DESeq2",TRUE,100,5,0.05,100,0,0,FALSE,NA
159,200,"CLR_Wilcoxon",TRUE,100,5,0.05,100,0,0,FALSE,NA
159,200,"ALDEx2_Welch",TRUE,100,2,0.02,100,0,0,FALSE,NA
159,200,"ANCOM_BC2",TRUE,100,4,0.04,100,1,0.01,TRUE,NA
159,200,"DESeq2",TRUE,100,5,0.05,100,1,0.01,TRUE,NA
160,201,"CLR_Wilcoxon",TRUE,100,4,0.04,100,0,0,FALSE,NA
160,201,"ALDEx2_Welch",TRUE,100,2,0.02,100,0,0,FALSE,NA
160,201,"ANCOM_BC2",TRUE,100,3,0.03,100,0,0,FALSE,NA
160,201,"DESeq2",TRUE,100,4,0.04,100,0,0,FALSE,NA
161,202,"CLR_Wilcoxon",TRUE,100,6,0.06,100,0,0,FALSE,NA
161,202,"ALDEx2_Welch",TRUE,100,8,0.08,100,0,0,FALSE,NA
161,202,"ANCOM_BC2",TRUE,100,3,0.03,100,0,0,FALSE,NA
161,202,"DESeq2",TRUE,100,7,0.07,100,1,0.01,TRUE,NA
162,203,"CLR_Wilcoxon",TRUE,100,7,0.07,100,0,0,FALSE,NA
162,203,"ALDEx2_Welch",TRUE,100,5,0.05,100,0,0,FALSE,NA
162,203,"ANCOM_BC2",TRUE,100,2,0.02,100,2,0.02,TRUE,NA
162,203,"DESeq2",TRUE,100,8,0.08,100,0,0,FALSE,NA
163,204,"CLR_Wilcoxon",TRUE,100,2,0.02,100,0,0,FALSE,NA
163,204,"ALDEx2_Welch",TRUE,100,3,0.03,100,0,0,FALSE,NA
163,204,"ANCOM_BC2",TRUE,100,1,0.01,100,0,0,FALSE,NA
163,204,"DESeq2",TRUE,100,3,0.03,100,0,0,FALSE,NA
164,205,"CLR_Wilcoxon",TRUE,100,6,0.06,100,0,0,FALSE,NA
164,205,"ALDEx2_Welch",TRUE,100,4,0.04,100,0,0,FALSE,NA
164,205,"ANCOM_BC2",TRUE,100,2,0.02,100,0,0,FALSE,NA
164,205,"DESeq2",TRUE,100,6,0.06,100,0,0,FALSE,NA
165,206,"CLR_Wilcoxon",TRUE,100,6,0.06,100,0,0,FALSE,NA
165,206,"ALDEx2_Welch",TRUE,100,4,0.04,100,0,0,FALSE,NA
165,206,"ANCOM_BC2",TRUE,100,5,0.05,100,1,0.01,TRUE,NA
165,206,"DESeq2",TRUE,100,7,0.07,100,0,0,FALSE,NA
166,207,"CLR_Wilcoxon",TRUE,100,3,0.03,100,0,0,FALSE,NA
166,207,"ALDEx2_Welch",TRUE,100,5,0.05,100,0,0,FALSE,NA
166,207,"ANCOM_BC2",TRUE,100,2,0.02,100,0,0,FALSE,NA
166,207,"DESeq2",TRUE,100,7,0.07,100,0,0,FALSE,NA
167,208,"CLR_Wilcoxon",TRUE,100,6,0.06,100,0,0,FALSE,NA
167,208,"ALDEx2_Welch",TRUE,100,6,0.06,100,0,0,FALSE,NA
167,208,"ANCOM_BC2",TRUE,100,2,0.02,100,0,0,FALSE,NA
167,208,"DESeq2",TRUE,100,6,0.06,100,1,0.01,TRUE,NA
168,209,"CLR_Wilcoxon",TRUE,100,8,0.08,100,0,0,FALSE,NA
168,209,"ALDEx2_Welch",TRUE,100,9,0.09,100,0,0,FALSE,NA
168,209,"ANCOM_BC2",TRUE,100,6,0.06,100,0,0,FALSE,NA
168,209,"DESeq2",TRUE,100,9,0.09,100,0,0,FALSE,NA
169,210,"CLR_Wilcoxon",TRUE,100,8,0.08,100,1,0.01,TRUE,NA
169,210,"ALDEx2_Welch",TRUE,100,8,0.08,100,1,0.01,TRUE,NA
169,210,"ANCOM_BC2",TRUE,100,6,0.06,100,1,0.01,TRUE,NA
169,210,"DESeq2",TRUE,100,8,0.08,100,2,0.02,TRUE,NA
170,211,"CLR_Wilcoxon",TRUE,100,4,0.04,100,0,0,FALSE,NA
170,211,"ALDEx2_Welch",TRUE,100,4,0.04,100,0,0,FALSE,NA
170,211,"ANCOM_BC2",TRUE,100,3,0.03,100,0,0,FALSE,NA
170,211,"DESeq2",TRUE,100,4,0.04,100,0,0,FALSE,NA
171,212,"CLR_Wilcoxon",TRUE,100,6,0.06,100,0,0,FALSE,NA
171,212,"ALDEx2_Welch",TRUE,100,7,0.07,100,0,0,FALSE,NA
171,212,"ANCOM_BC2",TRUE,100,5,0.05,100,0,0,FALSE,NA
171,212,"DESeq2",TRUE,100,9,0.09,100,0,0,FALSE,NA
172,213,"CLR_Wilcoxon",TRUE,100,6,0.06,100,0,0,FALSE,NA
172,213,"ALDEx2_Welch",TRUE,100,4,0.04,100,0,0,FALSE,NA
172,213,"ANCOM_BC2",TRUE,100,4,0.04,100,0,0,FALSE,NA
172,213,"DESeq2",TRUE,100,6,0.06,100,0,0,FALSE,NA
173,214,"CLR_Wilcoxon",TRUE,100,4,0.04,100,0,0,FALSE,NA
173,214,"ALDEx2_Welch",TRUE,100,6,0.06,100,0,0,FALSE,NA
173,214,"ANCOM_BC2",TRUE,100,4,0.04,100,0,0,FALSE,NA
173,214,"DESeq2",TRUE,100,7,0.07,100,0,0,FALSE,NA
174,215,"CLR_Wilcoxon",TRUE,100,4,0.04,100,0,0,FALSE,NA
174,215,"ALDEx2_Welch",TRUE,100,2,0.02,100,0,0,FALSE,NA
174,215,"ANCOM_BC2",TRUE,100,3,0.03,100,0,0,FALSE,NA
174,215,"DESeq2",TRUE,100,5,0.05,100,0,0,FALSE,NA
175,216,"CLR_Wilcoxon",TRUE,100,3,0.03,100,0,0,FALSE,NA
175,216,"ALDEx2_Welch",TRUE,100,1,0.01,100,0,0,FALSE,NA
175,216,"ANCOM_BC2",TRUE,100,3,0.03,100,2,0.02,TRUE,NA
175,216,"DESeq2",TRUE,100,3,0.03,100,0,0,FALSE,NA
176,217,"CLR_Wilcoxon",TRUE,100,2,0.02,100,0,0,FALSE,NA
176,217,"ALDEx2_Welch",TRUE,100,1,0.01,100,0,0,FALSE,NA
176,217,"ANCOM_BC2",TRUE,100,1,0.01,100,0,0,FALSE,NA
176,217,"DESeq2",TRUE,100,1,0.01,100,0,0,FALSE,NA
177,218,"CLR_Wilcoxon",TRUE,100,4,0.04,100,0,0,FALSE,NA
177,218,"ALDEx2_Welch",TRUE,100,4,0.04,100,0,0,FALSE,NA
177,218,"ANCOM_BC2",TRUE,100,3,0.03,100,0,0,FALSE,NA
177,218,"DESeq2",TRUE,100,9,0.09,100,0,0,FALSE,NA
178,219,"CLR_Wilcoxon",TRUE,100,12,0.12,100,0,0,FALSE,NA
178,219,"ALDEx2_Welch",TRUE,100,10,0.1,100,0,0,FALSE,NA
178,219,"ANCOM_BC2",TRUE,100,4,0.04,100,0,0,FALSE,NA
178,219,"DESeq2",TRUE,100,8,0.08,100,0,0,FALSE,NA
179,220,"CLR_Wilcoxon",TRUE,100,8,0.08,100,0,0,FALSE,NA
179,220,"ALDEx2_Welch",TRUE,100,4,0.04,100,0,0,FALSE,NA
179,220,"ANCOM_BC2",TRUE,100,2,0.02,100,0,0,FALSE,NA
179,220,"DESeq2",TRUE,100,7,0.07,100,0,0,FALSE,NA
180,221,"CLR_Wilcoxon",TRUE,100,3,0.03,100,0,0,FALSE,NA
180,221,"ALDEx2_Welch",TRUE,100,3,0.03,100,0,0,FALSE,NA
180,221,"ANCOM_BC2",TRUE,100,3,0.03,100,0,0,FALSE,NA
180,221,"DESeq2",TRUE,100,4,0.04,100,0,0,FALSE,NA
181,222,"CLR_Wilcoxon",TRUE,100,4,0.04,100,0,0,FALSE,NA
181,222,"ALDEx2_Welch",TRUE,100,4,0.04,100,0,0,FALSE,NA
181,222,"ANCOM_BC2",TRUE,100,3,0.03,100,1,0.01,TRUE,NA
181,222,"DESeq2",TRUE,100,5,0.05,100,1,0.01,TRUE,NA
182,223,"CLR_Wilcoxon",TRUE,100,7,0.07,100,0,0,FALSE,NA
182,223,"ALDEx2_Welch",TRUE,100,6,0.06,100,0,0,FALSE,NA
182,223,"ANCOM_BC2",TRUE,100,6,0.06,100,0,0,FALSE,NA
182,223,"DESeq2",TRUE,100,8,0.08,100,0,0,FALSE,NA
183,224,"CLR_Wilcoxon",TRUE,100,5,0.05,100,0,0,FALSE,NA
183,224,"ALDEx2_Welch",TRUE,100,4,0.04,100,0,0,FALSE,NA
183,224,"ANCOM_BC2",TRUE,100,2,0.02,100,1,0.01,TRUE,NA
183,224,"DESeq2",TRUE,100,9,0.09,100,1,0.01,TRUE,NA
184,225,"CLR_Wilcoxon",TRUE,100,4,0.04,100,0,0,FALSE,NA
184,225,"ALDEx2_Welch",TRUE,100,1,0.01,100,0,0,FALSE,NA
184,225,"ANCOM_BC2",TRUE,100,3,0.03,100,0,0,FALSE,NA
184,225,"DESeq2",TRUE,100,5,0.05,100,0,0,FALSE,NA
185,226,"CLR_Wilcoxon",TRUE,100,6,0.06,100,0,0,FALSE,NA
185,226,"ALDEx2_Welch",TRUE,100,7,0.07,100,0,0,FALSE,NA
185,226,"ANCOM_BC2",TRUE,100,3,0.03,100,0,0,FALSE,NA
185,226,"DESeq2",TRUE,100,7,0.07,100,1,0.01,TRUE,NA
186,227,"CLR_Wilcoxon",TRUE,100,6,0.06,100,0,0,FALSE,NA
186,227,"ALDEx2_Welch",TRUE,100,5,0.05,100,0,0,FALSE,NA
186,227,"ANCOM_BC2",TRUE,100,2,0.02,100,1,0.01,TRUE,NA
186,227,"DESeq2",TRUE,100,7,0.07,100,0,0,FALSE,NA
187,228,"CLR_Wilcoxon",TRUE,100,7,0.07,100,0,0,FALSE,NA
187,228,"ALDEx2_Welch",TRUE,100,6,0.06,100,0,0,FALSE,NA
187,228,"ANCOM_BC2",TRUE,100,1,0.01,100,0,0,FALSE,NA
187,228,"DESeq2",TRUE,100,9,0.09,100,0,0,FALSE,NA
188,229,"CLR_Wilcoxon",TRUE,100,5,0.05,100,0,0,FALSE,NA
188,229,"ALDEx2_Welch",TRUE,100,4,0.04,100,0,0,FALSE,NA
188,229,"ANCOM_BC2",TRUE,100,4,0.04,100,0,0,FALSE,NA
188,229,"DESeq2",TRUE,100,10,0.1,100,0,0,FALSE,NA
189,230,"CLR_Wilcoxon",TRUE,100,5,0.05,100,0,0,FALSE,NA
189,230,"ALDEx2_Welch",TRUE,100,4,0.04,100,0,0,FALSE,NA
189,230,"ANCOM_BC2",TRUE,100,0,0,100,0,0,FALSE,NA
189,230,"DESeq2",TRUE,100,6,0.06,100,0,0,FALSE,NA
190,231,"CLR_Wilcoxon",TRUE,100,3,0.03,100,0,0,FALSE,NA
190,231,"ALDEx2_Welch",TRUE,100,2,0.02,100,0,0,FALSE,NA
190,231,"ANCOM_BC2",TRUE,100,2,0.02,100,0,0,FALSE,NA
190,231,"DESeq2",TRUE,100,3,0.03,100,0,0,FALSE,NA
191,232,"CLR_Wilcoxon",TRUE,100,4,0.04,100,0,0,FALSE,NA
191,232,"ALDEx2_Welch",TRUE,100,2,0.02,100,0,0,FALSE,NA
191,232,"ANCOM_BC2",TRUE,100,2,0.02,100,0,0,FALSE,NA
191,232,"DESeq2",TRUE,100,5,0.05,100,0,0,FALSE,NA
192,233,"CLR_Wilcoxon",TRUE,100,5,0.05,100,0,0,FALSE,NA
192,233,"ALDEx2_Welch",TRUE,100,4,0.04,100,0,0,FALSE,NA
192,233,"ANCOM_BC2",TRUE,100,2,0.02,100,0,0,FALSE,NA
192,233,"DESeq2",TRUE,100,5,0.05,100,0,0,FALSE,NA
193,234,"CLR_Wilcoxon",TRUE,100,6,0.06,100,0,0,FALSE,NA
193,234,"ALDEx2_Welch",TRUE,100,3,0.03,100,0,0,FALSE,NA
193,234,"ANCOM_BC2",TRUE,100,2,0.02,100,0,0,FALSE,NA
193,234,"DESeq2",TRUE,100,6,0.06,100,0,0,FALSE,NA
194,235,"CLR_Wilcoxon",TRUE,100,0,0,100,0,0,FALSE,NA
194,235,"ALDEx2_Welch",TRUE,100,0,0,100,0,0,FALSE,NA
194,235,"ANCOM_BC2",TRUE,100,2,0.02,100,2,0.02,TRUE,NA
194,235,"DESeq2",TRUE,100,0,0,100,0,0,FALSE,NA
195,236,"CLR_Wilcoxon",TRUE,100,4,0.04,100,0,0,FALSE,NA
195,236,"ALDEx2_Welch",TRUE,100,3,0.03,100,0,0,FALSE,NA
195,236,"ANCOM_BC2",TRUE,100,2,0.02,100,0,0,FALSE,NA
195,236,"DESeq2",TRUE,100,4,0.04,100,0,0,FALSE,NA
196,237,"CLR_Wilcoxon",TRUE,100,4,0.04,100,0,0,FALSE,NA
196,237,"ALDEx2_Welch",TRUE,100,2,0.02,100,0,0,FALSE,NA
196,237,"ANCOM_BC2",TRUE,100,1,0.01,100,0,0,FALSE,NA
196,237,"DESeq2",TRUE,100,8,0.08,100,0,0,FALSE,NA
197,238,"CLR_Wilcoxon",TRUE,100,3,0.03,100,0,0,FALSE,NA
197,238,"ALDEx2_Welch",TRUE,100,4,0.04,100,0,0,FALSE,NA
197,238,"ANCOM_BC2",TRUE,100,3,0.03,100,0,0,FALSE,NA
197,238,"DESeq2",TRUE,100,6,0.06,100,0,0,FALSE,NA
198,239,"CLR_Wilcoxon",TRUE,100,2,0.02,100,0,0,FALSE,NA
198,239,"ALDEx2_Welch",TRUE,100,2,0.02,100,0,0,FALSE,NA
198,239,"ANCOM_BC2",TRUE,100,1,0.01,100,0,0,FALSE,NA
198,239,"DESeq2",TRUE,100,4,0.04,100,0,0,FALSE,NA
199,240,"CLR_Wilcoxon",TRUE,100,4,0.04,100,0,0,FALSE,NA
199,240,"ALDEx2_Welch",TRUE,100,4,0.04,100,0,0,FALSE,NA
199,240,"ANCOM_BC2",TRUE,100,3,0.03,100,0,0,FALSE,NA
199,240,"DESeq2",TRUE,100,6,0.06,100,0,0,FALSE,NA
200,241,"CLR_Wilcoxon",TRUE,100,5,0.05,100,0,0,FALSE,NA
200,241,"ALDEx2_Welch",TRUE,100,3,0.03,100,0,0,FALSE,NA
200,241,"ANCOM_BC2",TRUE,100,1,0.01,100,0,0,FALSE,NA
200,241,"DESeq2",TRUE,100,11,0.11,100,0,0,FALSE,NA
