"Simulation","Seed","Method","Taxa_Raw_Tested","Raw_Rejections","Raw_Rejection_Prop","Taxa_BH_Tested","BH_Rejections","BH_Rejection_Prop"
50,91,"CLR_Wilcoxon",100,2,0.02,100,1,0.01
92,133,"CLR_Wilcoxon",100,5,0.05,100,1,0.01
96,137,"CLR_Wilcoxon",100,2,0.02,100,2,0.02
102,143,"CLR_Wilcoxon",100,7,0.07,100,1,0.01
104,145,"CLR_Wilcoxon",100,7,0.07,100,2,0.02
108,149,"CLR_Wilcoxon",100,5,0.05,100,1,0.01
113,154,"CLR_Wilcoxon",100,5,0.05,100,1,0.01
169,210,"CLR_Wilcoxon",100,8,0.08,100,1,0.01
40,81,"ALDEx2_Welch",100,5,0.05,100,1,0.01
50,91,"ALDEx2_Welch",100,1,0.01,100,1,0.01
96,137,"ALDEx2_Welch",100,2,0.02,100,1,0.01
104,145,"ALDEx2_Welch",100,7,0.07,100,1,0.01
108,149,"ALDEx2_Welch",100,4,0.04,100,1,0.01
113,154,"ALDEx2_Welch",100,4,0.04,100,1,0.01
169,210,"ALDEx2_Welch",100,8,0.08,100,1,0.01
34,75,"ANCOM_BC2",100,2,0.02,100,1,0.01
55,96,"ANCOM_BC2",100,1,0.01,100,1,0.01
57,98,"ANCOM_BC2",100,3,0.03,100,1,0.01
69,110,"ANCOM_BC2",100,6,0.06,100,1,0.01
73,114,"ANCOM_BC2",100,5,0.05,100,1,0.01
75,116,"ANCOM_BC2",100,2,0.02,100,1,0.01
77,118,"ANCOM_BC2",100,3,0.03,100,1,0.01
84,125,"ANCOM_BC2",100,4,0.04,100,1,0.01
93,134,"ANCOM_BC2",100,3,0.03,100,1,0.01
99,140,"ANCOM_BC2",100,4,0.04,100,2,0.02
100,141,"ANCOM_BC2",100,3,0.03,100,1,0.01
109,150,"ANCOM_BC2",100,2,0.02,100,1,0.01
116,157,"ANCOM_BC2",100,3,0.03,100,2,0.02
150,191,"ANCOM_BC2",100,6,0.06,100,1,0.01
151,192,"ANCOM_BC2",100,2,0.02,100,1,0.01
154,195,"ANCOM_BC2",100,3,0.03,100,1,0.01
155,196,"ANCOM_BC2",100,1,0.01,100,1,0.01
159,200,"ANCOM_BC2",100,4,0.04,100,1,0.01
162,203,"ANCOM_BC2",100,2,0.02,100,2,0.02
165,206,"ANCOM_BC2",100,5,0.05,100,1,0.01
169,210,"ANCOM_BC2",100,6,0.06,100,1,0.01
175,216,"ANCOM_BC2",100,3,0.03,100,2,0.02
181,222,"ANCOM_BC2",100,3,0.03,100,1,0.01
183,224,"ANCOM_BC2",100,2,0.02,100,1,0.01
186,227,"ANCOM_BC2",100,2,0.02,100,1,0.01
194,235,"ANCOM_BC2",100,2,0.02,100,2,0.02
7,48,"DESeq2",100,6,0.06,100,1,0.01
16,57,"DESeq2",100,7,0.07,100,2,0.02
19,60,"DESeq2",100,6,0.06,100,1,0.01
20,61,"DESeq2",100,5,0.05,100,2,0.02
24,65,"DESeq2",100,10,0.1,100,1,0.01
28,69,"DESeq2",100,8,0.08,100,1,0.01
40,81,"DESeq2",100,7,0.07,100,1,0.01
48,89,"DESeq2",100,7,0.07,100,1,0.01
66,107,"DESeq2",100,5,0.05,100,1,0.01
84,125,"DESeq2",100,6,0.06,100,1,0.01
92,133,"DESeq2",100,9,0.09,100,2,0.02
95,136,"DESeq2",100,8,0.08,100,1,0.01
96,137,"DESeq2",100,5,0.05,100,1,0.01
102,143,"DESeq2",100,6,0.06,100,1,0.01
103,144,"DESeq2",100,5,0.05,100,1,0.01
104,145,"DESeq2",100,4,0.04,100,1,0.01
108,149,"DESeq2",100,6,0.06,100,1,0.01
111,152,"DESeq2",100,8,0.08,100,1,0.01
113,154,"DESeq2",100,7,0.07,100,1,0.01
128,169,"DESeq2",100,4,0.04,100,1,0.01
149,190,"DESeq2",100,7,0.07,100,1,0.01
152,193,"DESeq2",100,8,0.08,100,2,0.02
159,200,"DESeq2",100,5,0.05,100,1,0.01
161,202,"DESeq2",100,7,0.07,100,1,0.01
167,208,"DESeq2",100,6,0.06,100,1,0.01
169,210,"DESeq2",100,8,0.08,100,2,0.02
181,222,"DESeq2",100,5,0.05,100,1,0.01
183,224,"DESeq2",100,9,0.09,100,1,0.01
185,226,"DESeq2",100,7,0.07,100,1,0.01
