"TaxonID","Method","p_value","q_value","Raw_Significant","BH_Significant"
"Taxon_001","CLR_Wilcoxon",0.244354720032721,0.952958932835923,FALSE,FALSE
"Taxon_002","CLR_Wilcoxon",0.534671211532011,0.952958932835923,FALSE,FALSE
"Taxon_003","CLR_Wilcoxon",0.547514768891511,0.952958932835923,FALSE,FALSE
"Taxon_004","CLR_Wilcoxon",0.0436020520360401,0.714746944375105,TRUE,FALSE
"Taxon_005","CLR_Wilcoxon",0.0416200629283656,0.714746944375105,TRUE,FALSE
"Taxon_006","CLR_Wilcoxon",0.15665606830629,0.952958932835923,FALSE,FALSE
"Taxon_007","CLR_Wilcoxon",0.627625805028359,0.956399049722575,FALSE,FALSE
"Taxon_008","CLR_Wilcoxon",0.861373792455552,0.97561503622119,FALSE,FALSE
"Taxon_009","CLR_Wilcoxon",0.0500322861062574,0.714746944375105,FALSE,FALSE
"Taxon_010","CLR_Wilcoxon",0.509448356370643,0.952958932835923,FALSE,FALSE
"Taxon_011","CLR_Wilcoxon",0.669479334805802,0.956399049722575,FALSE,FALSE
"Taxon_012","CLR_Wilcoxon",0.372108330791816,0.952958932835923,FALSE,FALSE
"Taxon_013","CLR_Wilcoxon",0.830990529999826,0.97561503622119,FALSE,FALSE
"Taxon_014","CLR_Wilcoxon",0.861373792455552,0.97561503622119,FALSE,FALSE
"Taxon_015","CLR_Wilcoxon",0.351679371660755,0.952958932835923,FALSE,FALSE
"Taxon_016","CLR_Wilcoxon",0.207242111542848,0.952958932835923,FALSE,FALSE
"Taxon_017","CLR_Wilcoxon",0.907321983685707,0.97561503622119,FALSE,FALSE
"Taxon_018","CLR_Wilcoxon",0.627625805028359,0.956399049722575,FALSE,FALSE
"Taxon_019","CLR_Wilcoxon",0.72690065607845,0.97561503622119,FALSE,FALSE
"Taxon_020","CLR_Wilcoxon",0.260434268931787,0.952958932835923,FALSE,FALSE
"Taxon_021","CLR_Wilcoxon",0.252305212164683,0.952958932835923,FALSE,FALSE
"Taxon_022","CLR_Wilcoxon",0.285901058967548,0.952958932835923,FALSE,FALSE
"Taxon_023","CLR_Wilcoxon",1,1,FALSE,FALSE
"Taxon_024","CLR_Wilcoxon",0.0283418326973812,0.714746944375105,TRUE,FALSE
"Taxon_025","CLR_Wilcoxon",0.815890154860747,0.97561503622119,FALSE,FALSE
"Taxon_026","CLR_Wilcoxon",0.697973852265953,0.97561503622119,FALSE,FALSE
"Taxon_027","CLR_Wilcoxon",0.460934885854798,0.952958932835923,FALSE,FALSE
"Taxon_028","CLR_Wilcoxon",0.669479334805802,0.956399049722575,FALSE,FALSE
"Taxon_029","CLR_Wilcoxon",0.312999477322496,0.952958932835923,FALSE,FALSE
"Taxon_030","CLR_Wilcoxon",0.174400389150183,0.952958932835923,FALSE,FALSE
"Taxon_031","CLR_Wilcoxon",0.521981448195743,0.952958932835923,FALSE,FALSE
"Taxon_032","CLR_Wilcoxon",0.560509091438514,0.952958932835923,FALSE,FALSE
"Taxon_033","CLR_Wilcoxon",0.162412007349887,0.952958932835923,FALSE,FALSE
"Taxon_034","CLR_Wilcoxon",0.741514476329464,0.97561503622119,FALSE,FALSE
"Taxon_035","CLR_Wilcoxon",0.0312624231206811,0.714746944375105,TRUE,FALSE
"Taxon_036","CLR_Wilcoxon",0.547514768891511,0.952958932835923,FALSE,FALSE
"Taxon_037","CLR_Wilcoxon",0.0951877352203644,0.894188222536137,FALSE,FALSE
"Taxon_038","CLR_Wilcoxon",0.244354720032721,0.952958932835923,FALSE,FALSE
"Taxon_039","CLR_Wilcoxon",0.393257157041869,0.952958932835923,FALSE,FALSE
"Taxon_040","CLR_Wilcoxon",0.712385528084024,0.97561503622119,FALSE,FALSE
"Taxon_041","CLR_Wilcoxon",0.65540543793669,0.956399049722575,FALSE,FALSE
"Taxon_042","CLR_Wilcoxon",0.361803488317166,0.952958932835923,FALSE,FALSE
"Taxon_043","CLR_Wilcoxon",0.922715077955601,0.98161178505915,FALSE,FALSE
"Taxon_044","CLR_Wilcoxon",0.846153566146855,0.97561503622119,FALSE,FALSE
"Taxon_045","CLR_Wilcoxon",0.846153566146856,0.97561503622119,FALSE,FALSE
"Taxon_046","CLR_Wilcoxon",0.876645674312776,0.97561503622119,FALSE,FALSE
"Taxon_047","CLR_Wilcoxon",0.404099247920549,0.952958932835923,FALSE,FALSE
"Taxon_048","CLR_Wilcoxon",0.984519736863829,1,FALSE,FALSE
"Taxon_049","CLR_Wilcoxon",0.244354720032721,0.952958932835923,FALSE,FALSE
"Taxon_050","CLR_Wilcoxon",0.600364127686631,0.952958932835923,FALSE,FALSE
"Taxon_051","CLR_Wilcoxon",0.393257157041869,0.952958932835923,FALSE,FALSE
"Taxon_052","CLR_Wilcoxon",0.13017242401938,0.952958932835923,FALSE,FALSE
"Taxon_053","CLR_Wilcoxon",0.53467121153201,0.952958932835923,FALSE,FALSE
"Taxon_054","CLR_Wilcoxon",0.547514768891511,0.952958932835923,FALSE,FALSE
"Taxon_055","CLR_Wilcoxon",0.0877382950621407,0.894188222536137,FALSE,FALSE
"Taxon_056","CLR_Wilcoxon",0.00127800722582538,0.127800722582538,TRUE,FALSE
"Taxon_057","CLR_Wilcoxon",0.303784725388332,0.952958932835923,FALSE,FALSE
"Taxon_058","CLR_Wilcoxon",0.42631291323986,0.952958932835923,FALSE,FALSE
"Taxon_059","CLR_Wilcoxon",0.785898916805049,0.97561503622119,FALSE,FALSE
"Taxon_060","CLR_Wilcoxon",0.404099247920549,0.952958932835923,FALSE,FALSE
"Taxon_061","CLR_Wilcoxon",0.815890154860747,0.97561503622119,FALSE,FALSE
"Taxon_062","CLR_Wilcoxon",1,1,FALSE,FALSE
"Taxon_063","CLR_Wilcoxon",0.277231487617312,0.952958932835923,FALSE,FALSE
"Taxon_064","CLR_Wilcoxon",1,1,FALSE,FALSE
"Taxon_065","CLR_Wilcoxon",0.42631291323986,0.952958932835923,FALSE,FALSE
"Taxon_066","CLR_Wilcoxon",0.586937170069259,0.952958932835923,FALSE,FALSE
"Taxon_067","CLR_Wilcoxon",0.800857841895485,0.97561503622119,FALSE,FALSE
"Taxon_068","CLR_Wilcoxon",1,1,FALSE,FALSE
"Taxon_069","CLR_Wilcoxon",0.861373792455552,0.97561503622119,FALSE,FALSE
"Taxon_070","CLR_Wilcoxon",0.573651000624536,0.952958932835923,FALSE,FALSE
"Taxon_071","CLR_Wilcoxon",0.214316858018596,0.952958932835923,FALSE,FALSE
"Taxon_072","CLR_Wilcoxon",0.521981448195743,0.952958932835923,FALSE,FALSE
"Taxon_073","CLR_Wilcoxon",0.207242111542848,0.952958932835923,FALSE,FALSE
"Taxon_074","CLR_Wilcoxon",0.600364127686631,0.952958932835923,FALSE,FALSE
"Taxon_075","CLR_Wilcoxon",0.876645674312776,0.97561503622119,FALSE,FALSE
"Taxon_076","CLR_Wilcoxon",0.586937170069259,0.952958932835923,FALSE,FALSE
"Taxon_077","CLR_Wilcoxon",0.331975467082737,0.952958932835923,FALSE,FALSE
"Taxon_078","CLR_Wilcoxon",0.785898916805049,0.97561503622119,FALSE,FALSE
"Taxon_079","CLR_Wilcoxon",0.285901058967548,0.952958932835923,FALSE,FALSE
"Taxon_080","CLR_Wilcoxon",0.214316858018596,0.952958932835923,FALSE,FALSE
"Taxon_081","CLR_Wilcoxon",0.107302586704336,0.894188222536137,FALSE,FALSE
"Taxon_082","CLR_Wilcoxon",0.103135444127206,0.894188222536137,FALSE,FALSE
"Taxon_083","CLR_Wilcoxon",0.600364127686631,0.952958932835923,FALSE,FALSE
"Taxon_084","CLR_Wilcoxon",0.484862932378437,0.952958932835923,FALSE,FALSE
"Taxon_085","CLR_Wilcoxon",0.891963619370566,0.97561503622119,FALSE,FALSE
"Taxon_086","CLR_Wilcoxon",0.907321983685707,0.97561503622119,FALSE,FALSE
"Taxon_087","CLR_Wilcoxon",0.861373792455552,0.97561503622119,FALSE,FALSE
"Taxon_088","CLR_Wilcoxon",0.382593177369482,0.952958932835923,FALSE,FALSE
"Taxon_089","CLR_Wilcoxon",0.586937170069259,0.952958932835923,FALSE,FALSE
"Taxon_090","CLR_Wilcoxon",0.460934885854798,0.952958932835923,FALSE,FALSE
"Taxon_091","CLR_Wilcoxon",0.669479334805802,0.956399049722575,FALSE,FALSE
"Taxon_092","CLR_Wilcoxon",0.00383988000135504,0.191994000067752,TRUE,FALSE
"Taxon_093","CLR_Wilcoxon",0.0807663909568752,0.894188222536137,FALSE,FALSE
"Taxon_094","CLR_Wilcoxon",0.42631291323986,0.952958932835923,FALSE,FALSE
"Taxon_095","CLR_Wilcoxon",0.600364127686631,0.952958932835923,FALSE,FALSE
"Taxon_096","CLR_Wilcoxon",0.65540543793669,0.956399049722575,FALSE,FALSE
"Taxon_097","CLR_Wilcoxon",0.907321983685707,0.97561503622119,FALSE,FALSE
"Taxon_098","CLR_Wilcoxon",0.969045300311791,1,FALSE,FALSE
"Taxon_099","CLR_Wilcoxon",0.200338381934496,0.952958932835923,FALSE,FALSE
"Taxon_100","CLR_Wilcoxon",0.72690065607845,0.97561503622119,FALSE,FALSE
