"TaxonID","CLR_Wilcoxon","ALDEx2_Welch","ANCOM_BC2","DESeq2","N_Methods_Raw_Significant"
"Taxon_001",FALSE,FALSE,FALSE,FALSE,0
"Taxon_002",FALSE,FALSE,FALSE,FALSE,0
"Taxon_003",FALSE,FALSE,FALSE,FALSE,0
"Taxon_004",TRUE,TRUE,FALSE,TRUE,3
"Taxon_005",TRUE,FALSE,FALSE,TRUE,2
"Taxon_006",FALSE,FALSE,FALSE,FALSE,0
"Taxon_007",FALSE,FALSE,FALSE,FALSE,0
"Taxon_008",FALSE,FALSE,FALSE,FALSE,0
"Taxon_009",FALSE,FALSE,FALSE,FALSE,0
"Taxon_010",FALSE,FALSE,FALSE,FALSE,0
"Taxon_011",FALSE,FALSE,FALSE,FALSE,0
"Taxon_012",FALSE,FALSE,FALSE,FALSE,0
"Taxon_013",FALSE,FALSE,FALSE,FALSE,0
"Taxon_014",FALSE,FALSE,FALSE,FALSE,0
"Taxon_015",FALSE,FALSE,FALSE,FALSE,0
"Taxon_016",FALSE,FALSE,FALSE,FALSE,0
"Taxon_017",FALSE,FALSE,FALSE,FALSE,0
"Taxon_018",FALSE,FALSE,FALSE,FALSE,0
"Taxon_019",FALSE,FALSE,FALSE,FALSE,0
"Taxon_020",FALSE,FALSE,FALSE,FALSE,0
"Taxon_021",FALSE,FALSE,FALSE,FALSE,0
"Taxon_022",FALSE,FALSE,FALSE,FALSE,0
"Taxon_023",FALSE,FALSE,FALSE,FALSE,0
"Taxon_024",TRUE,TRUE,FALSE,TRUE,3
"Taxon_025",FALSE,FALSE,FALSE,FALSE,0
"Taxon_026",FALSE,FALSE,FALSE,FALSE,0
"Taxon_027",FALSE,FALSE,FALSE,FALSE,0
"Taxon_028",FALSE,FALSE,FALSE,FALSE,0
"Taxon_029",FALSE,FALSE,FALSE,FALSE,0
"Taxon_030",FALSE,FALSE,FALSE,FALSE,0
"Taxon_031",FALSE,FALSE,FALSE,FALSE,0
"Taxon_032",FALSE,FALSE,FALSE,FALSE,0
"Taxon_033",FALSE,FALSE,FALSE,FALSE,0
"Taxon_034",FALSE,FALSE,FALSE,FALSE,0
"Taxon_035",TRUE,TRUE,FALSE,TRUE,3
"Taxon_036",FALSE,FALSE,FALSE,FALSE,0
"Taxon_037",FALSE,FALSE,FALSE,FALSE,0
"Taxon_038",FALSE,FALSE,FALSE,FALSE,0
"Taxon_039",FALSE,FALSE,FALSE,FALSE,0
"Taxon_040",FALSE,FALSE,FALSE,FALSE,0
"Taxon_041",FALSE,FALSE,FALSE,FALSE,0
"Taxon_042",FALSE,FALSE,FALSE,FALSE,0
"Taxon_043",FALSE,FALSE,FALSE,FALSE,0
"Taxon_044",FALSE,FALSE,FALSE,FALSE,0
"Taxon_045",FALSE,FALSE,FALSE,FALSE,0
"Taxon_046",FALSE,FALSE,FALSE,FALSE,0
"Taxon_047",FALSE,FALSE,FALSE,FALSE,0
"Taxon_048",FALSE,FALSE,FALSE,FALSE,0
"Taxon_049",FALSE,FALSE,FALSE,FALSE,0
"Taxon_050",FALSE,FALSE,FALSE,FALSE,0
"Taxon_051",FALSE,FALSE,FALSE,FALSE,0
"Taxon_052",FALSE,FALSE,TRUE,FALSE,1
"Taxon_053",FALSE,FALSE,FALSE,FALSE,0
"Taxon_054",FALSE,FALSE,FALSE,FALSE,0
"Taxon_055",FALSE,FALSE,FALSE,FALSE,0
"Taxon_056",TRUE,TRUE,TRUE,TRUE,4
"Taxon_057",FALSE,FALSE,FALSE,FALSE,0
"Taxon_058",FALSE,FALSE,FALSE,FALSE,0
"Taxon_059",FALSE,FALSE,FALSE,FALSE,0
"Taxon_060",FALSE,FALSE,FALSE,FALSE,0
"Taxon_061",FALSE,FALSE,FALSE,FALSE,0
"Taxon_062",FALSE,FALSE,FALSE,FALSE,0
"Taxon_063",FALSE,FALSE,FALSE,FALSE,0
"Taxon_064",FALSE,FALSE,FALSE,FALSE,0
"Taxon_065",FALSE,FALSE,FALSE,FALSE,0
"Taxon_066",FALSE,FALSE,FALSE,FALSE,0
"Taxon_067",FALSE,FALSE,FALSE,FALSE,0
"Taxon_068",FALSE,FALSE,FALSE,FALSE,0
"Taxon_069",FALSE,FALSE,TRUE,FALSE,1
"Taxon_070",FALSE,FALSE,FALSE,FALSE,0
"Taxon_071",FALSE,FALSE,FALSE,FALSE,0
"Taxon_072",FALSE,FALSE,FALSE,FALSE,0
"Taxon_073",FALSE,FALSE,FALSE,FALSE,0
"Taxon_074",FALSE,FALSE,FALSE,FALSE,0
"Taxon_075",FALSE,FALSE,FALSE,FALSE,0
"Taxon_076",FALSE,FALSE,FALSE,FALSE,0
"Taxon_077",FALSE,FALSE,FALSE,FALSE,0
"Taxon_078",FALSE,FALSE,FALSE,FALSE,0
"Taxon_079",FALSE,FALSE,FALSE,FALSE,0
"Taxon_080",FALSE,FALSE,FALSE,FALSE,0
"Taxon_081",FALSE,FALSE,FALSE,FALSE,0
"Taxon_082",FALSE,TRUE,FALSE,TRUE,2
"Taxon_083",FALSE,FALSE,FALSE,FALSE,0
"Taxon_084",FALSE,FALSE,FALSE,FALSE,0
"Taxon_085",FALSE,FALSE,FALSE,FALSE,0
"Taxon_086",FALSE,FALSE,FALSE,FALSE,0
"Taxon_087",FALSE,FALSE,FALSE,FALSE,0
"Taxon_088",FALSE,FALSE,FALSE,FALSE,0
"Taxon_089",FALSE,FALSE,FALSE,FALSE,0
"Taxon_090",FALSE,FALSE,FALSE,FALSE,0
"Taxon_091",FALSE,FALSE,FALSE,FALSE,0
"Taxon_092",TRUE,TRUE,TRUE,TRUE,4
"Taxon_093",FALSE,FALSE,FALSE,FALSE,0
"Taxon_094",FALSE,FALSE,FALSE,FALSE,0
"Taxon_095",FALSE,FALSE,FALSE,FALSE,0
"Taxon_096",FALSE,FALSE,FALSE,FALSE,0
"Taxon_097",FALSE,FALSE,FALSE,FALSE,0
"Taxon_098",FALSE,FALSE,FALSE,FALSE,0
"Taxon_099",FALSE,FALSE,FALSE,FALSE,0
"Taxon_100",FALSE,FALSE,FALSE,FALSE,0
