"Signal_FC","Method","Successful_Runs","Mean_TP","Mean_FP","Mean_FN","Mean_TN","Sensitivity_Mean","Sensitivity_SD","Sensitivity_P2.5","Sensitivity_P97.5","FDR_Mean","FDR_SD","FDR_P2.5","FDR_P97.5","Precision_N","Precision_Mean","Precision_SD","Specificity_Mean","Specificity_SD","F1_Mean","F1_SD"
1.5,"CLR_Wilcoxon",200,1.815,0.09,8.185,89.91,0.1815,0.1647527460672,0,0.5,0.0245,0.0868666356854568,0,0.333333333333333,143,0.965734265734266,0.101181908725185,0.999,0.00337678730078147,0.273301406926407,0.223549884325111
1.5,"ALDEx2_Welch",200,1.345,0.035,8.655,89.965,0.1345,0.12939655071401,0,0.5,0.0155833333333333,0.0944743236146497,0,0.252083333333334,141,0.97789598108747,0.111989520022385,0.999611111111111,0.00204712154488131,0.215249084249084,0.186723214834177
1.5,"ANCOM_BC2",200,0.125,0.085,9.875,89.915,0.0125,0.0360589968840151,0,0.1,0.0633333333333333,0.231254196998146,0,1,33,0.616161616161616,0.453544773922996,0.999055555555556,0.00348305123185683,0.021981351981352,0.0629784850091573
1.5,"DESeq2",200,2.19,0.265,7.81,89.735,0.219,0.166062892971641,0,0.502500000000001,0.0664404761904762,0.151197960465403,0,0.5,168,0.920904195011338,0.161970253278962,0.997055555555556,0.00644499314170016,0.321827811893988,0.21189138727782
2,"CLR_Wilcoxon",200,7.095,0.395,2.905,89.605,0.7095,0.149907006349816,0.4,1,0.0439609002109002,0.0735215517007976,0,0.222222222222222,200,0.9560390997891,0.0735215517007976,0.995611111111111,0.00794683463124576,0.803334659014427,0.102089428571907
2,"ALDEx2_Welch",200,5.955,0.095,4.045,89.905,0.5955,0.154431198191539,0.3,0.9,0.0131848845598846,0.0464890909487177,0,0.166666666666667,200,0.986815115440115,0.0464890909487177,0.998944444444444,0.00362616584383118,0.730445453755051,0.123245292689208
2,"ANCOM_BC2",200,4.59,0.29,5.41,89.71,0.459,0.205010111283915,0.1,0.8,0.0522043650793651,0.105529619337682,0,0.333333333333333,197,0.947000644589477,0.106134858808844,0.996777777777778,0.00616077983208797,0.589193726766869,0.205012224224807
2,"DESeq2",200,6.705,0.625,3.295,89.375,0.6705,0.167990637451487,0.3975,0.9,0.0695542929292929,0.096790108249406,0,0.300833333333334,200,0.930445707070707,0.096790108249406,0.993055555555556,0.010534302268689,0.762776125147642,0.124774685631855
4,"CLR_Wilcoxon",200,9.6,0.705,0.4,89.295,0.96,0.0601505648540503,0.8,1,0.0612984792984793,0.0765116523925736,0,0.25,200,0.938701520701521,0.0765116523925736,0.992166666666667,0.0106140931728412,0.946524614255937,0.0510497033510188
4,"ALDEx2_Welch",200,9.415,0.14,0.585,89.86,0.9415,0.0771850872153566,0.7975,1,0.0129265734265734,0.0359285581972705,0,0.100277777777778,200,0.987073426573427,0.0359285581972705,0.998444444444444,0.00446116341675092,0.961595968725192,0.0452590478093653
4,"ANCOM_BC2",200,9.115,0.495,0.885,89.505,0.9115,0.0925232552595243,0.7,1,0.047392871017871,0.0611930208325254,0,0.181818181818182,200,0.952607128982129,0.0611930208325254,0.9945,0.00747205642859862,0.928133211040466,0.0600659201879675
4,"DESeq2",200,9.315,0.985,0.685,89.015,0.9315,0.0854062123356822,0.7,1,0.0839956016206017,0.0932654250184368,0,0.285714285714286,200,0.916004398379398,0.0932654250184368,0.989055555555556,0.0135730132616364,0.918642273990349,0.0649615400560324
