"Simulation","Seed","TaxonID","p_value","q_value","BH_Significant","Passed_Pseudocount_Sensitivity","Robust_Significant"
34,75,"Taxon_060",3.43426492917121e-05,0.00343426492917121,TRUE,FALSE,FALSE
55,96,"Taxon_027",0.000132471821852634,0.0132471821852634,TRUE,FALSE,FALSE
57,98,"Taxon_082",4.47941737672332e-05,0.00447941737672332,TRUE,FALSE,FALSE
69,110,"Taxon_053",0.000295568586846599,0.0295568586846599,TRUE,FALSE,FALSE
73,114,"Taxon_008",0.000299340189252022,0.0299340189252022,TRUE,FALSE,FALSE
75,116,"Taxon_008",3.9999178656229e-05,0.0039999178656229,TRUE,FALSE,FALSE
77,118,"Taxon_008",5.02491642880496e-05,0.00502491642880496,TRUE,FALSE,FALSE
84,125,"Taxon_079",0.000270982956328584,0.0270982956328584,TRUE,FALSE,FALSE
93,134,"Taxon_086",8.22879697358374e-05,0.00822879697358374,TRUE,FALSE,FALSE
99,140,"Taxon_093",0.000264364304761761,0.0211335346093905,TRUE,FALSE,FALSE
99,140,"Taxon_099",0.000422670692187809,0.0211335346093905,TRUE,FALSE,FALSE
100,141,"Taxon_053",0.000369465034514194,0.0369465034514194,TRUE,FALSE,FALSE
109,150,"Taxon_088",0.00027408869655704,0.027408869655704,TRUE,FALSE,FALSE
116,157,"Taxon_096",4.64403064766263e-05,0.00464403064766263,TRUE,FALSE,FALSE
116,157,"Taxon_024",9.74926694367182e-05,0.00487463347183591,TRUE,FALSE,FALSE
150,191,"Taxon_059",1.55579288464556e-05,0.00155579288464556,TRUE,FALSE,FALSE
151,192,"Taxon_020",0.000155772155111073,0.0155772155111073,TRUE,FALSE,FALSE
154,195,"Taxon_062",0.000330765332547883,0.0330765332547883,TRUE,FALSE,FALSE
155,196,"Taxon_058",0.000311614088429524,0.0311614088429524,TRUE,FALSE,FALSE
159,200,"Taxon_080",2.08392552196758e-05,0.00208392552196758,TRUE,FALSE,FALSE
162,203,"Taxon_073",9.4837285908949e-05,0.0094837285908949,TRUE,FALSE,FALSE
162,203,"Taxon_010",0.000306104972939636,0.0153052486469818,TRUE,FALSE,FALSE
165,206,"Taxon_066",0.000379255395714754,0.0379255395714754,TRUE,FALSE,FALSE
169,210,"Taxon_014",0.000385442543807056,0.0385442543807056,TRUE,TRUE,TRUE
175,216,"Taxon_040",8.65948122129593e-06,0.000865948122129593,TRUE,FALSE,FALSE
175,216,"Taxon_080",0.000761054391290387,0.0380527195645194,TRUE,FALSE,FALSE
181,222,"Taxon_016",0.000248207352172269,0.0248207352172269,TRUE,FALSE,FALSE
183,224,"Taxon_055",2.5748778997624e-05,0.0025748778997624,TRUE,FALSE,FALSE
186,227,"Taxon_073",0.000337015575769428,0.0337015575769428,TRUE,FALSE,FALSE
194,235,"Taxon_095",0.000215915998999552,0.0215915998999552,TRUE,FALSE,FALSE
194,235,"Taxon_022",0.000577034494002142,0.0288517247001071,TRUE,FALSE,FALSE
